date,total_cyclists,Day,Bus,Train,Ferry,petrol_price_nzd_cl,temp_mean,precipitation,windspeed_max,rain_hours,is_holiday,is_weekend
2023-07-01,5602.0,Sat,91552,13924,3760,243.490789,12.4,0.1,37.2,1.0,0,True
2023-07-02,5320.0,Sun,74658,8236,2796,243.490789,12.2,1.5,36.3,11.0,0,True
2023-07-03,7769.0,Mon,142910,31568,6076,243.490789,13.0,0.5,47.4,5.0,0,False
2023-07-04,11257.0,Tue,171812,40252,8347,243.490789,14.0,0.0,36.9,0.0,0,False
2023-07-05,13060.0,Wed,174881,42780,8558,243.490789,13.9,0.0,29.6,0.0,0,False
2023-07-06,14169.0,Thu,178801,43857,9419,243.490789,12.6,0.4,18.7,2.0,0,False
2023-07-07,7953.0,Fri,148127,34996,6685,264.6443264,12.9,18.8,50.1,14.0,0,False
2023-07-08,6819.0,Sat,92405,11486,3990,264.6443264,12.8,7.2,26.3,9.0,0,True
2023-07-09,6691.0,Sun,78782,8888,3434,264.6443264,12.2,1.5,33.6,6.0,0,True
2023-07-10,10194.0,Mon,140972,36308,7599,264.6443264,12.6,0.4,23.2,4.0,0,False
2023-07-11,13644.0,Tue,166764,43493,8808,264.6443264,12.7,0.3,26.4,3.0,0,False
2023-07-12,11854.0,Wed,166750,43211,8550,264.6443264,13.0,0.2,28.5,2.0,0,False
2023-07-13,12215.0,Thu,166007,42415,8747,264.6443264,13.4,0.0,30.3,0.0,0,False
2023-07-14,9452.0,Fri,87018,16323,5173,264.2878756,13.8,1.1,33.2,9.0,1,False
2023-07-15,11558.0,Sat,98242,16903,6291,264.2878756,14.0,0.3,26.4,3.0,0,True
2023-07-16,9652.0,Sun,78255,13409,3701,264.2878756,14.2,0.3,33.1,2.0,0,True
2023-07-17,13079.0,Mon,224156,47957,7613,264.2878756,13.4,0.3,34.4,2.0,0,False
2023-07-18,16333.0,Tue,247551,53906,9189,264.2878756,13.1,0.2,22.5,2.0,0,False
2023-07-19,14954.0,Wed,248187,55438,8919,264.2878756,11.8,0.9,13.2,6.0,0,False
2023-07-20,11915.0,Thu,226274,48007,5150,264.2878756,12.8,4.5,41.9,9.0,0,False
2023-07-21,5234.0,Fri,192873,37092,6017,266.7818526,12.9,32.8,50.6,19.0,0,False
2023-07-22,12777.0,Sat,112608,18556,5672,266.7818526,10.4,0.9,25.2,4.0,0,True
2023-07-23,13396.0,Sun,91351,9701,4202,266.7818526,10.8,0.5,27.3,3.0,0,True
2023-07-24,14294.0,Mon,234498,51297,8650,266.7818526,11.0,1.0,19.0,6.0,0,False
2023-07-25,15197.0,Tue,249852,55416,8793,266.7818526,12.2,1.4,31.6,10.0,0,False
2023-07-26,8568.0,Wed,236245,40281,7637,266.7818526,10.5,2.1,40.8,7.0,0,False
2023-07-27,12067.0,Thu,237973,52507,8128,266.7818526,10.7,0.5,37.7,5.0,0,False
2023-07-28,12839.0,Fri,230299,49175,8188,272.374798,9.8,0.0,31.6,0.0,0,False
2023-07-29,12447.0,Sat,110665,18807,5234,272.374798,8.6,0.0,15.8,0.0,0,True
2023-07-30,11108.0,Sun,89685,14945,4412,272.374798,9.9,0.9,9.7,7.0,0,True
2023-07-31,14775.0,Mon,228583,50256,8003,272.374798,9.4,0.7,9.2,5.0,0,False
2023-08-01,17109.0,Tue,254136,56279,9496,272.374798,12.0,0.7,24.7,4.0,0,False
2023-08-02,7431.0,Wed,220400,48543,6603,272.374798,11.3,5.3,41.0,14.0,0,False
2023-08-03,15034.0,Thu,250913,54265,9227,272.374798,8.7,0.0,23.7,0.0,0,False
2023-08-04,12473.0,Fri,228191,48449,8121,277.7644274,11.0,0.3,29.8,3.0,0,False
2023-08-05,13161.0,Sat,113978,21962,7193,277.7644274,12.2,0.0,18.4,0.0,0,True
2023-08-06,14445.0,Sun,90469,15521,5733,277.7644274,10.2,1.1,11.5,3.0,0,True
2023-08-07,14435.0,Mon,230157,50491,8073,277.7644274,10.4,0.5,14.8,4.0,0,False
2023-08-08,13455.0,Tue,241858,54112,8833,277.7644274,10.6,3.7,20.1,9.0,0,False
2023-08-09,14408.0,Wed,251222,51575,8996,277.7644274,10.2,1.0,25.0,5.0,0,False
2023-08-10,12120.0,Thu,243635,45039,8419,277.7644274,9.9,3.0,25.2,8.0,0,False
2023-08-11,13682.0,Fri,230256,48922,9080,281.2756679,9.3,0.0,25.1,0.0,0,False
2023-08-12,11276.0,Sat,109040,18585,6098,281.2756679,9.8,0.4,12.7,3.0,0,True
2023-08-13,9588.0,Sun,82222,12850,3993,281.2756679,11.2,0.7,14.3,3.0,0,True
2023-08-14,12209.0,Mon,221938,47943,7765,281.2756679,11.9,5.1,20.4,8.0,0,False
2023-08-15,15868.0,Tue,250025,55228,9687,281.2756679,10.9,1.3,17.6,8.0,0,False
2023-08-16,13625.0,Wed,246220,55278,8634,281.2756679,10.3,4.8,27.7,9.0,0,False
2023-08-17,13944.0,Thu,246870,53752,8871,281.2756679,10.7,0.7,26.5,5.0,0,False
2023-08-18,12697.0,Fri,227283,50998,8812,286.4029095,9.5,0.7,8.2,4.0,0,False
2023-08-19,8838.0,Sat,102336,14877,4345,286.4029095,11.6,2.3,36.2,9.0,0,True
2023-08-20,4114.0,Sun,77861,9912,2989,286.4029095,12.2,21.0,20.9,23.0,0,True
2023-08-21,7713.0,Mon,206744,44779,6622,286.4029095,11.4,2.6,39.8,7.0,0,False
2023-08-22,17278.0,Tue,249954,55216,9416,286.4029095,11.3,0.0,27.3,0.0,0,False
2023-08-23,16431.0,Wed,249392,54652,8865,286.4029095,9.3,0.0,12.5,0.0,0,False
2023-08-24,14861.0,Thu,244092,53862,8277,286.4029095,9.4,0.0,11.2,0.0,0,False
2023-08-25,13251.0,Fri,227703,49964,8307,288.646168,8.6,0.0,9.3,0.0,0,False
2023-08-26,12900.0,Sat,120675,14883,6300,288.646168,8.6,0.1,13.2,1.0,0,True
2023-08-27,11652.0,Sun,88954,9577,4364,288.646168,11.3,0.9,25.4,7.0,0,True
2023-08-28,14630.0,Mon,215370,46061,8052,288.646168,10.4,1.0,18.4,5.0,0,False
2023-08-29,17377.0,Tue,237314,52740,9490,288.646168,8.7,0.0,13.2,0.0,0,False
2023-08-30,13912.0,Wed,231153,52404,8211,288.646168,9.3,4.3,13.5,7.0,0,False
2023-08-31,15226.0,Thu,232120,52147,8414,288.646168,9.1,0.0,8.9,0.0,0,False
2023-09-01,14148.0,Fri,213856,45799,8259,290.9382628,11.0,0.0,18.1,0.0,0,False
2023-09-02,14057.0,Sat,115226,16772,6797,290.9382628,13.8,0.1,26.2,1.0,0,True
2023-09-03,8490.0,Sun,79717,10544,3905,290.9382628,14.4,0.4,34.5,3.0,0,True
2023-09-04,5906.0,Mon,188342,42009,5402,290.9382628,14.2,11.5,38.6,21.0,0,False
2023-09-05,11637.0,Tue,220091,49613,7238,290.9382628,14.7,5.2,33.1,19.0,0,False
2023-09-06,14186.0,Wed,228424,51398,7996,290.9382628,14.6,3.0,27.3,6.0,0,False
2023-09-07,12583.0,Thu,217907,49363,7157,290.9382628,13.6,6.9,17.4,6.0,0,False
2023-09-08,14630.0,Fri,218567,47121,8701,293.4346792,12.1,0.0,14.7,0.0,0,False
2023-09-09,12945.0,Sat,111459,16871,6524,293.4346792,13.7,0.1,27.2,1.0,0,True
2023-09-10,12741.0,Sun,89305,12326,5210,293.4346792,13.5,1.0,23.7,5.0,0,True
2023-09-11,9422.0,Mon,206666,44924,6958,293.4346792,14.0,12.7,33.1,11.0,0,False
2023-09-12,16058.0,Tue,244057,54375,9255,293.4346792,12.1,1.4,22.5,9.0,0,False
2023-09-13,15524.0,Wed,232405,53717,8826,293.4346792,12.9,0.1,29.5,1.0,0,False
2023-09-14,17945.0,Thu,228765,51435,8911,293.4346792,13.3,0.0,29.2,0.0,0,False
2023-09-15,11849.0,Fri,211784,47779,8515,296.5359366,13.6,3.6,36.0,9.0,0,False
2023-09-16,16750.0,Sat,107604,15884,5458,296.5359366,11.7,0.4,11.4,2.0,0,True
2023-09-17,13026.0,Sun,85279,11044,5276,296.5359366,13.2,0.0,31.4,0.0,0,True
2023-09-18,12807.0,Mon,224160,48892,7931,296.5359366,14.7,1.7,33.6,4.0,0,False
2023-09-19,19973.0,Tue,245888,55475,9407,296.5359366,13.8,0.0,15.8,0.0,0,False
2023-09-20,18359.0,Wed,244637,54849,8964,296.5359366,13.8,0.0,17.2,0.0,0,False
2023-09-21,17692.0,Thu,244668,55599,9032,296.5359366,13.7,0.0,18.5,0.0,0,False
2023-09-22,13714.0,Fri,226507,48431,8102,301.0009831,15.8,1.7,27.3,9.0,0,False
2023-09-23,5245.0,Sat,114472,15328,6182,301.0009831,16.1,21.3,40.3,18.0,0,True
2023-09-24,9122.0,Sun,91207,10572,5276,301.0009831,13.9,7.2,26.2,7.0,0,True
2023-09-25,9661.0,Mon,161395,39501,7162,301.0009831,14.5,7.2,17.4,10.0,0,False
2023-09-26,12246.0,Tue,201628,47476,8691,301.0009831,13.9,15.0,39.9,10.0,0,False
2023-09-27,13189.0,Wed,200602,47024,8822,301.0009831,13.6,1.5,37.1,8.0,0,False
2023-09-28,11310.0,Thu,200628,47314,8127,301.0009831,12.8,5.0,35.2,12.0,0,False
2023-09-29,9918.0,Fri,185736,42531,7730,301.9350643,13.5,1.0,39.0,8.0,0,False
2023-09-30,4205.0,Sat,85854,13593,3539,301.9350643,11.8,8.8,48.9,16.0,0,True
2023-10-01,12286.0,Sun,88975,11509,5065,301.9350643,12.9,0.6,27.8,5.0,0,True
2023-10-02,12880.0,Mon,188294,44114,7799,301.9350643,15.2,1.4,41.1,4.0,0,False
2023-10-03,16771.0,Tue,201189,47656,9810,301.9350643,12.7,0.3,31.5,3.0,0,False
2023-10-04,18174.0,Wed,207044,49722,10573,301.9350643,10.3,0.0,19.8,0.0,0,False
2023-10-05,15845.0,Thu,201376,48027,10116,301.9350643,13.6,0.0,25.6,0.0,0,False
2023-10-06,13577.0,Fri,183809,40711,9601,296.7216307,14.1,0.2,16.0,2.0,0,False
2023-10-07,9405.0,Sat,98374,14187,4215,296.7216307,13.3,6.3,23.6,6.0,0,True
2023-10-08,10045.0,Sun,82343,10528,3271,296.7216307,12.6,5.5,25.9,10.0,0,True
2023-10-09,14248.0,Mon,224718,48878,7911,296.7216307,13.5,0.5,34.9,4.0,0,False
2023-10-10,15167.0,Tue,243253,53130,8397,296.7216307,13.8,0.3,33.0,3.0,0,False
2023-10-11,15201.0,Wed,246008,53621,8323,296.7216307,13.1,0.7,24.9,7.0,0,False
2023-10-12,15587.0,Thu,245122,53808,8508,296.7216307,13.3,0.4,35.3,4.0,0,False
2023-10-13,12577.0,Fri,229009,48251,7720,292.4364214,14.4,1.1,20.2,7.0,0,False
2023-10-14,13144.0,Sat,112015,16272,5389,292.4364214,15.2,3.0,27.1,5.0,0,True
2023-10-15,10889.0,Sun,89820,12929,4352,292.4364214,16.0,0.7,30.1,5.0,0,True
2023-10-16,16064.0,Mon,227814,49622,7954,292.4364214,15.0,0.8,21.8,5.0,0,False
2023-10-17,18123.0,Tue,245574,53555,8921,292.4364214,16.5,12.2,20.9,11.0,0,False
2023-10-18,15801.0,Wed,242995,55132,8610,292.4364214,16.2,0.2,22.1,2.0,0,False
2023-10-19,18728.0,Thu,248973,55752,9305,292.4364214,15.8,0.0,17.9,0.0,0,False
2023-10-20,14499.0,Fri,223695,47042,8037,289.3648552,16.0,1.0,15.5,5.0,0,False
2023-10-21,10732.0,Sat,118886,7351,5954,289.3648552,15.8,0.9,28.5,4.0,0,True
2023-10-22,12611.0,Sun,99674,5554,5822,289.3648552,15.7,0.2,26.8,1.0,0,True
2023-10-23,12671.0,Mon,89399,5029,5826,289.3648552,15.3,3.4,20.7,14.0,1,False
2023-10-24,14906.0,Tue,226577,50431,8326,289.3648552,16.3,7.0,22.3,15.0,0,False
2023-10-25,12911.0,Wed,230409,51474,7998,289.3648552,16.1,5.8,33.7,10.0,0,False
2023-10-26,16926.0,Thu,242955,52218,8869,289.3648552,17.1,0.4,35.9,2.0,0,False
2023-10-27,9349.0,Fri,213452,44351,7174,287.6279407,14.4,6.7,31.7,9.0,0,False
2023-10-28,14846.0,Sat,119150,11210,5993,287.6279407,12.6,0.2,30.6,1.0,0,True
2023-10-29,6675.0,Sun,82643,12451,3210,287.6279407,13.8,4.9,48.3,8.0,0,True
2023-10-30,6854.0,Mon,192073,42024,4856,287.6279407,15.7,18.8,48.4,23.0,0,False
2023-10-31,11070.0,Tue,227761,48803,8265,287.6279407,17.6,21.8,32.2,17.0,0,False
2023-11-01,18277.0,Wed,236588,51337,9238,287.6279407,16.9,0.7,21.4,4.0,0,False
2023-11-02,17838.0,Thu,231705,51189,9084,287.6279407,15.2,3.7,27.1,6.0,0,False
2023-11-03,8685.0,Fri,189801,40955,7007,286.7919743,15.2,14.2,26.7,12.0,0,False
2023-11-04,16964.0,Sat,121870,23023,7212,286.7919743,15.4,2.0,20.5,7.0,0,True
2023-11-05,15092.0,Sun,96736,16894,5166,286.7919743,14.9,0.4,19.3,3.0,0,True
2023-11-06,18640.0,Mon,214798,46495,8910,286.7919743,14.8,0.7,20.5,4.0,0,False
2023-11-07,19330.0,Tue,230567,51062,9694,286.7919743,13.3,4.3,16.6,6.0,0,False
2023-11-08,18279.0,Wed,237935,52686,9157,286.7919743,13.8,6.7,35.4,2.0,0,False
2023-11-09,19629.0,Thu,241800,53135,9936,286.7919743,14.5,0.2,18.3,2.0,0,False
2023-11-10,15361.0,Fri,220145,45353,9577,285.5771848,14.2,1.8,11.7,9.0,0,False
2023-11-11,15606.0,Sat,122881,7478,8229,285.5771848,14.8,3.3,13.8,11.0,0,True
2023-11-12,15949.0,Sun,100329,5482,6429,285.5771848,14.5,0.0,20.1,0.0,0,True
2023-11-13,18395.0,Mon,206676,43797,9391,285.5771848,14.9,0.0,15.8,0.0,0,False
2023-11-14,16563.0,Tue,228483,50304,9215,285.5771848,14.9,5.3,22.2,10.0,0,False
2023-11-15,17191.0,Wed,235276,49468,9205,285.5771848,16.1,0.7,24.3,5.0,0,False
2023-11-16,19680.0,Thu,234460,51520,9825,285.5771848,15.2,0.6,18.8,4.0,0,False
2023-11-17,12548.0,Fri,203056,44519,8389,282.6359957,17.7,2.0,35.9,9.0,0,False
2023-11-18,4425.0,Sat,102498,12714,3970,282.6359957,17.6,21.1,31.1,21.0,0,True
2023-11-19,5770.0,Sun,80901,8745,3347,282.6359957,17.9,33.6,41.1,18.0,0,True
2023-11-20,14456.0,Mon,206366,44841,8328,282.6359957,18.0,10.9,25.1,12.0,0,False
2023-11-21,18924.0,Tue,235456,51122,9562,282.6359957,18.3,3.1,21.1,7.0,0,False
2023-11-22,19001.0,Wed,238577,52682,9950,282.6359957,18.0,4.1,11.2,7.0,0,False
2023-11-23,18854.0,Thu,238090,51942,9883,282.6359957,17.3,0.6,23.2,5.0,0,False
2023-11-24,12030.0,Fri,213710,47482,8870,279.7307947,15.3,1.6,37.1,9.0,0,False
2023-11-25,13212.0,Sat,121366,20398,6661,279.7307947,14.6,0.1,29.8,1.0,0,True
2023-11-26,12265.0,Sun,106572,30783,7122,279.7307947,15.3,0.1,34.8,1.0,0,True
2023-11-27,17333.0,Mon,215782,45851,8755,279.7307947,16.1,0.0,23.8,0.0,0,False
2023-11-28,17944.0,Tue,227720,50581,9840,279.7307947,17.3,0.4,34.3,3.0,0,False
2023-11-29,18120.0,Wed,232802,50000,9731,279.7307947,16.5,0.4,22.2,4.0,0,False
2023-11-30,17386.0,Thu,230372,49698,10389,279.7307947,15.3,1.6,17.8,8.0,0,False
2023-12-01,15029.0,Fri,213749,45753,9386,276.7158123,15.7,0.0,19.6,0.0,0,False
2023-12-02,11956.0,Sat,120346,15688,6314,276.7158123,17.5,1.6,27.5,7.0,0,True
2023-12-03,4555.0,Sun,75731,10980,3371,276.7158123,18.2,5.7,34.6,14.0,0,True
2023-12-04,12617.0,Mon,200782,43228,7945,276.7158123,18.4,10.9,16.1,13.0,0,False
2023-12-05,14339.0,Tue,214550,47600,9143,276.7158123,17.5,7.4,20.9,18.0,0,False
2023-12-06,17807.0,Wed,229561,49728,9924,276.7158123,17.6,0.4,20.8,4.0,0,False
2023-12-07,16755.0,Thu,225916,49933,9935,276.7158123,17.1,0.8,29.7,7.0,0,False
2023-12-08,15047.0,Fri,208909,43835,10966,272.9780692,16.6,0.0,22.4,0.0,0,False
2023-12-09,15226.0,Sat,122620,24723,7713,272.9780692,15.7,0.0,16.7,0.0,0,True
2023-12-10,12061.0,Sun,93025,13590,4973,272.9780692,17.2,0.7,25.8,5.0,0,True
2023-12-11,17593.0,Mon,196687,42359,9421,272.9780692,17.3,0.3,20.4,3.0,0,False
2023-12-12,16830.0,Tue,206485,45802,9714,272.9780692,15.7,0.8,41.7,7.0,0,False
2023-12-13,13282.0,Wed,203699,45318,8918,272.9780692,16.1,0.8,40.0,7.0,0,False
2023-12-14,16074.0,Thu,206152,46189,9742,272.9780692,17.4,0.0,34.7,0.0,0,False
2023-12-15,14438.0,Fri,187009,40444,9580,268.0709706,17.2,0.0,21.2,0.0,0,False
2023-12-16,14312.0,Sat,116095,15002,6476,268.0709706,17.8,0.0,15.8,0.0,0,True
2023-12-17,13872.0,Sun,97632,9521,5208,268.0709706,18.6,0.0,21.1,0.0,0,True
2023-12-18,16642.0,Mon,172590,38353,9185,268.0709706,20.2,1.9,16.9,9.0,0,False
2023-12-19,17379.0,Tue,185505,41591,9762,268.0709706,19.6,1.2,19.2,6.0,0,False
2023-12-20,17398.0,Wed,189772,41472,10114,268.0709706,19.3,0.0,20.4,0.0,0,False
2023-12-21,15564.0,Thu,177934,37732,9696,268.0709706,19.6,0.0,17.0,0.0,0,False
2023-12-22,13110.0,Fri,153310,31097,8149,266.0501836,19.8,0.0,22.5,0.0,0,False
2023-12-23,10638.0,Sat,102342,15950,5128,266.0501836,20.4,15.2,31.6,15.0,0,True
2023-12-24,6319.0,Sun,72206,9607,3030,266.0501836,20.7,25.8,29.4,18.0,0,True
2023-12-25,3642.0,Mon,29844,4717,2528,266.0501836,20.7,6.1,19.1,15.0,1,False
2023-12-26,7103.0,Tue,83998,5295,4189,266.0501836,21.6,2.2,18.0,12.0,1,False
2023-12-27,11679.0,Wed,107492,6150,7084,266.0501836,20.7,1.0,12.9,6.0,0,False
2023-12-28,10538.0,Thu,108206,6901,6625,266.0501836,19.9,2.3,34.3,8.0,0,False
2023-12-29,4261.0,Fri,87926,5577,3618,265.7619845,21.6,25.6,36.9,23.0,0,False
2023-12-30,11271.0,Sat,99167,5194,7035,265.7619845,22.0,5.6,24.6,14.0,0,True
2023-12-31,8885.0,Sun,79704,4479,4558,265.7619845,21.2,21.4,27.0,15.0,0,True
2024-01-01,10853.0,Mon,69246,4067,6318,265.7619845,18.1,0.5,27.2,2.0,1,False
2024-01-02,12667.0,Tue,82772,4686,6908,265.7619845,17.1,0.0,17.6,0.0,1,False
2024-01-03,11525.0,Wed,114583,7113,7142,265.7619845,17.6,0.1,19.3,1.0,0,False
2024-01-04,12532.0,Thu,121427,7360,7554,265.7619845,18.5,0.8,12.0,4.0,0,False
2024-01-05,9755.0,Fri,115656,7176,6162,265.7174574,17.8,8.3,11.5,8.0,0,False
2024-01-06,10014.0,Sat,91787,4824,4925,265.7174574,18.4,7.4,22.7,8.0,0,True
2024-01-07,14797.0,Sun,89656,4774,6425,265.7174574,19.4,1.4,18.1,7.0,0,True
2024-01-08,15363.0,Mon,150927,9944,8127,265.7174574,20.2,0.8,16.9,5.0,0,False
2024-01-09,18098.0,Tue,163086,10396,9413,265.7174574,20.3,0.0,14.2,0.0,0,False
2024-01-10,16735.0,Wed,170248,10736,9153,265.7174574,20.5,0.0,23.4,0.0,0,False
2024-01-11,16675.0,Thu,168124,10175,8883,265.7174574,20.9,0.0,18.6,0.0,0,False
2024-01-12,14164.0,Fri,160663,10060,8655,265.3049054,20.6,0.0,18.4,0.0,0,False
2024-01-13,13318.0,Sat,108867,5712,6956,265.3049054,20.5,0.1,18.8,1.0,0,True
2024-01-14,14258.0,Sun,91908,4724,5498,265.3049054,20.9,0.0,28.6,0.0,0,True
2024-01-15,12856.0,Mon,169191,21040,7724,265.3049054,21.4,15.0,22.7,14.0,0,False
2024-01-16,18556.0,Tue,195577,25848,9505,265.3049054,21.3,3.5,20.5,5.0,0,False
2024-01-17,18855.0,Wed,198454,27870,9713,265.3049054,22.2,2.7,20.5,12.0,0,False
2024-01-18,19384.0,Thu,198055,26823,9934,265.3049054,22.4,2.0,24.5,6.0,0,False
2024-01-19,13104.0,Fri,172653,23429,8301,265.0500743,22.8,3.7,32.7,9.0,0,False
2024-01-20,14026.0,Sat,112299,14123,6753,265.0500743,22.9,0.5,25.3,4.0,0,True
2024-01-21,13808.0,Sun,93486,11482,5308,265.0500743,22.9,0.5,21.8,4.0,0,True
2024-01-22,18315.0,Mon,177941,39180,9116,265.0500743,23.2,1.6,20.2,8.0,0,False
2024-01-23,17758.0,Tue,192158,40342,9293,265.0500743,21.9,7.8,30.8,8.0,0,False
2024-01-24,19204.0,Wed,199812,46632,10240,265.0500743,18.8,0.1,28.9,1.0,0,False
2024-01-25,19780.0,Thu,200819,44253,10489,265.0500743,19.1,1.6,22.0,4.0,0,False
2024-01-26,16376.0,Fri,181749,38204,10112,266.545341,19.6,0.7,13.4,2.0,0,False
2024-01-27,12726.0,Sat,107052,14684,6210,266.545341,20.1,2.1,25.8,10.0,0,True
2024-01-28,7621.0,Sun,86009,9960,4015,266.545341,21.9,23.7,38.5,19.0,0,True
2024-01-29,13394.0,Mon,97357,11920,6299,266.545341,19.9,1.5,31.3,9.0,0,False
2024-01-30,21020.0,Tue,217890,47169,10444,266.545341,21.7,1.1,26.3,3.0,0,False
2024-01-31,21434.0,Wed,231953,52061,10651,266.545341,22.0,0.0,14.8,0.0,0,False
2024-02-01,23624.0,Thu,238742,53606,10589,266.545341,20.5,0.0,24.7,0.0,0,False
2024-02-02,18343.0,Fri,222929,44416,8346,272.1266885,20.7,4.3,46.5,4.0,0,False
2024-02-03,9058.0,Sat,106622,14726,4535,272.1266885,18.4,5.0,47.6,16.0,0,True
2024-02-04,18563.0,Sun,104371,13278,6093,272.1266885,19.2,0.1,32.8,1.0,0,True
2024-02-05,17616.0,Mon,197691,39667,7945,272.1266885,18.4,0.0,20.3,0.0,0,False
2024-02-06,20701.0,Tue,104208,21875,7239,272.1266885,19.2,0.0,20.0,0.0,1,False
2024-02-07,23558.0,Wed,260494,54361,10350,272.1266885,19.9,0.0,22.3,0.0,0,False
2024-02-08,24629.0,Thu,261083,55188,10771,272.1266885,20.1,0.0,21.7,0.0,0,False
2024-02-09,20761.0,Fri,237200,49898,9632,275.5841163,20.9,0.4,25.5,3.0,0,False
2024-02-10,15887.0,Sat,117706,20545,6585,275.5841163,21.1,1.6,24.3,12.0,0,True
2024-02-11,16385.0,Sun,99499,14101,5728,275.5841163,18.8,0.0,32.5,0.0,0,True
2024-02-12,23508.0,Mon,245857,51579,9913,275.5841163,18.4,0.2,13.8,2.0,0,False
2024-02-13,25369.0,Tue,263431,56439,10543,275.5841163,18.7,0.0,20.8,0.0,0,False
2024-02-14,24787.0,Wed,271347,56242,11591,275.5841163,18.8,0.0,20.6,0.0,0,False
2024-02-15,24728.0,Thu,262383,53323,10493,275.5841163,20.3,0.0,19.7,0.0,0,False
2024-02-16,19545.0,Fri,241954,50071,10206,277.8211399,20.5,1.5,12.7,5.0,0,False
2024-02-17,17454.0,Sat,129646,19777,7610,277.8211399,20.5,6.7,10.6,7.0,0,True
2024-02-18,16564.0,Sun,105287,14639,5722,277.8211399,20.8,0.1,10.7,1.0,0,True
2024-02-19,23171.0,Mon,250319,53929,10480,277.8211399,21.0,1.4,21.0,8.0,0,False
2024-02-20,23313.0,Tue,264478,59250,10763,277.8211399,20.8,1.2,21.4,7.0,0,False
2024-02-21,25133.0,Wed,274522,60912,10791,277.8211399,18.7,0.0,21.6,0.0,0,False
2024-02-22,23728.0,Thu,272645,55814,11078,277.8211399,18.8,0.0,14.8,0.0,0,False
2024-02-23,20003.0,Fri,250502,54646,10071,279.2432851,20.4,0.6,9.9,4.0,0,False
2024-02-24,17518.0,Sat,132142,25541,8331,279.2432851,20.7,3.9,21.4,5.0,0,True
2024-02-25,7018.0,Sun,90706,15992,3981,279.2432851,21.0,16.0,27.9,19.0,0,True
2024-02-26,13233.0,Mon,265451,58101,8367,279.2432851,19.8,15.7,22.7,22.0,0,False
2024-02-27,20430.0,Tue,293848,66409,10590,279.2432851,19.8,1.3,21.3,7.0,0,False
2024-02-28,25038.0,Wed,302826,68670,11769,279.2432851,18.9,0.6,24.2,4.0,0,False
2024-02-29,24087.0,Thu,299174,68155,11446,279.2432851,19.3,0.0,17.5,0.0,0,False
2024-03-01,20406.0,Fri,275713,60390,11556,279.3244058,19.2,0.2,27.4,1.0,0,False
2024-03-02,17520.0,Sat,134706,25255,7969,279.3244058,19.8,0.6,28.7,5.0,0,True
2024-03-03,6308.0,Sun,87487,14361,4000,279.3244058,20.4,8.7,29.9,11.0,0,True
2024-03-04,12927.0,Mon,258050,57788,7593,279.3244058,20.4,15.0,41.4,14.0,0,False
2024-03-05,17273.0,Tue,286362,65901,9759,279.3244058,17.2,1.2,34.0,7.0,0,False
2024-03-06,22458.0,Wed,298778,68128,10978,279.3244058,16.9,0.2,25.3,1.0,0,False
2024-03-07,21555.0,Thu,292278,67996,10690,279.3244058,16.6,0.1,18.7,1.0,0,False
2024-03-08,18735.0,Fri,277008,66469,11181,280.164224,18.8,0.7,24.4,7.0,0,False
2024-03-09,16224.0,Sat,135624,32184,8241,280.164224,17.3,0.0,27.4,0.0,0,True
2024-03-10,15994.0,Sun,110710,12904,6576,280.164224,18.5,0.1,22.0,1.0,0,True
2024-03-11,20817.0,Mon,274815,60011,10043,280.164224,17.9,0.0,32.8,0.0,0,False
2024-03-12,18128.0,Tue,288796,64345,9815,280.164224,19.7,6.8,18.4,16.0,0,False
2024-03-13,21695.0,Wed,299417,65610,10310,280.164224,19.8,0.3,24.5,3.0,0,False
2024-03-14,20095.0,Thu,291805,64058,10906,280.164224,19.1,5.7,20.4,11.0,0,False
2024-03-15,11582.0,Fri,253616,55079,8639,279.5020444,17.5,17.7,25.2,17.0,0,False
2024-03-16,14875.0,Sat,139637,17175,8132,279.5020444,15.6,0.6,26.5,3.0,0,True
2024-03-17,14743.0,Sun,108568,12215,6348,279.5020444,14.8,0.3,17.1,3.0,0,True
2024-03-18,18977.0,Mon,269041,58795,9741,279.5020444,16.5,1.0,27.7,7.0,0,False
2024-03-19,22295.0,Tue,292644,65023,11058,279.5020444,15.7,0.0,24.0,0.0,0,False
2024-03-20,22562.0,Wed,296550,63575,11120,279.5020444,14.3,0.0,14.3,0.0,0,False
2024-03-21,21633.0,Thu,291586,65663,11266,279.5020444,14.1,0.0,13.5,0.0,0,False
2024-03-22,17981.0,Fri,265957,57679,10067,279.8437013,15.2,0.0,20.2,0.0,0,False
2024-03-23,7495.0,Sat,112952,21260,5261,279.8437013,17.7,5.9,26.1,12.0,0,True
2024-03-24,14465.0,Sun,97925,15658,5355,279.8437013,17.9,2.1,19.5,6.0,0,True
2024-03-25,19914.0,Mon,269342,59312,9583,279.8437013,18.2,0.4,23.4,3.0,0,False
2024-03-26,21117.0,Tue,291240,64810,10683,279.8437013,18.9,1.3,25.3,6.0,0,False
2024-03-27,21070.0,Wed,293257,64155,10240,279.8437013,18.5,2.1,35.7,8.0,0,False
2024-03-28,18414.0,Thu,278902,62297,9708,279.8437013,17.3,2.0,31.3,12.0,0,False
2024-03-29,8444.0,Fri,71568,4017,3825,282.2726166,15.8,1.6,32.8,11.0,1,False
2024-03-30,13432.0,Sat,126704,7616,7468,282.2726166,14.1,0.0,32.7,0.0,0,True
2024-03-31,13636.0,Sun,80664,4629,6193,282.2726166,14.4,0.0,31.4,0.0,0,True
2024-04-01,14964.0,Mon,97476,5634,5653,282.2726166,15.9,0.0,14.2,0.0,1,False
2024-04-02,19477.0,Tue,192981,44762,9669,282.2726166,15.6,0.0,9.2,0.0,0,False
2024-04-03,22276.0,Wed,271481,59559,9907,282.2726166,16.1,0.0,14.2,0.0,0,False
2024-04-04,20911.0,Thu,271032,57544,9617,282.2726166,17.9,0.2,13.8,2.0,0,False
2024-04-05,14715.0,Fri,248680,52741,8793,283.5630464,17.5,3.0,26.0,6.0,0,False
2024-04-06,12670.0,Sat,120472,16253,5840,283.5630464,17.3,1.5,14.3,6.0,0,True
2024-04-07,15048.0,Sun,100202,11966,4657,283.5630464,17.1,0.8,19.7,5.0,0,True
2024-04-08,20905.0,Mon,253620,54323,9092,283.5630464,17.4,0.1,23.8,1.0,0,False
2024-04-09,22127.0,Tue,270191,59461,9932,283.5630464,18.7,1.6,26.7,11.0,0,False
2024-04-10,20299.0,Wed,271615,59829,9294,283.5630464,19.7,2.2,36.7,12.0,0,False
2024-04-11,13660.0,Thu,247921,55405,6387,283.5630464,19.9,3.3,51.3,17.0,0,False
2024-04-12,9980.0,Fri,214033,46013,5955,284.8630386,19.3,31.8,60.6,12.0,0,False
2024-04-13,13256.0,Sat,117469,17676,5169,284.8630386,16.8,1.3,36.4,6.0,0,True
2024-04-14,14586.0,Sun,99744,12627,5271,284.8630386,16.6,1.2,19.9,8.0,0,True
2024-04-15,19324.0,Mon,207239,50065,10086,284.8630386,15.4,1.4,17.1,6.0,0,False
2024-04-16,20472.0,Tue,224270,55135,11518,284.8630386,16.3,0.7,23.6,4.0,0,False
2024-04-17,19977.0,Wed,225807,55017,10782,284.8630386,16.7,0.6,23.7,5.0,0,False
2024-04-18,18266.0,Thu,222748,53813,10748,284.8630386,16.0,0.7,16.6,4.0,0,False
2024-04-19,14088.0,Fri,203104,41795,9187,285.1945419,17.1,2.1,19.7,13.0,0,False
2024-04-20,3196.0,Sat,84563,11700,2951,285.1945419,17.4,23.5,29.4,16.0,0,True
2024-04-21,9206.0,Sun,93001,10030,3803,285.1945419,16.8,0.6,36.0,5.0,0,True
2024-04-22,16782.0,Mon,199423,47601,9134,285.1945419,16.8,0.4,32.1,4.0,0,False
2024-04-23,20965.0,Tue,226175,54661,11171,285.1945419,15.0,0.8,18.4,5.0,0,False
2024-04-24,19186.0,Wed,227889,56062,11810,285.1945419,13.9,0.0,15.0,0.0,0,False
2024-04-25,14564.0,Thu,92611,15258,4987,285.1945419,14.4,0.4,19.7,2.0,1,False
2024-04-26,10979.0,Fri,183227,32939,8468,284.5929955,16.1,9.7,22.8,9.0,0,False
2024-04-27,13717.0,Sat,122869,10117,6690,284.5929955,14.0,0.2,20.8,2.0,0,True
2024-04-28,15505.0,Sun,100681,7051,5356,284.5929955,13.7,0.0,10.8,0.0,0,True
2024-04-29,18534.0,Mon,262440,57695,8604,284.5929955,15.1,0.8,22.9,5.0,0,False
2024-04-30,21527.0,Tue,285934,64579,9943,284.5929955,14.8,0.0,13.4,0.0,0,False
2024-05-01,19690.0,Wed,279563,64846,9435,284.5929955,15.3,1.7,26.0,7.0,0,False
2024-05-02,14983.0,Thu,266632,61317,8601,284.5929955,14.4,1.3,28.7,11.0,0,False
2024-05-03,14262.0,Fri,250664,55194,8579,283.6188088,13.9,0.1,22.6,1.0,0,False
2024-05-04,15499.0,Sat,123385,10388,6248,283.6188088,13.4,0.0,10.5,0.0,0,True
2024-05-05,16517.0,Sun,99709,7667,4879,283.6188088,15.0,0.4,17.3,3.0,0,True
2024-05-06,16627.0,Mon,247688,56533,7898,283.6188088,14.6,3.9,17.9,6.0,0,False
2024-05-07,20173.0,Tue,273492,63629,9087,283.6188088,13.0,0.4,22.4,1.0,0,False
2024-05-08,20290.0,Wed,274366,63101,9370,283.6188088,10.7,0.0,17.7,0.0,0,False
2024-05-09,19540.0,Thu,274269,59643,9806,283.6188088,10.7,0.0,22.7,0.0,0,False
2024-05-10,15167.0,Fri,225633,54327,8375,281.8610442,9.9,0.0,30.4,0.0,0,False
2024-05-11,14580.0,Sat,120394,21673,6514,281.8610442,9.6,0.0,18.4,0.0,0,True
2024-05-12,13066.0,Sun,89000,12801,5256,281.8610442,9.9,0.0,10.5,0.0,0,True
2024-05-13,16330.0,Mon,244286,54833,7950,281.8610442,12.4,0.9,13.2,4.0,0,False
2024-05-14,18959.0,Tue,261826,61018,8576,281.8610442,12.3,1.4,28.4,5.0,0,False
2024-05-15,12787.0,Wed,252820,58450,7289,281.8610442,16.3,11.9,39.2,14.0,0,False
2024-05-16,11757.0,Thu,237028,58778,7768,281.8610442,15.6,3.2,42.3,10.0,0,False
2024-05-17,15396.0,Fri,222256,54369,8548,278.7097967,14.1,0.0,22.6,0.0,0,False
2024-05-18,14318.0,Sat,122619,12349,6245,278.7097967,11.1,0.0,11.8,0.0,0,True
2024-05-19,14783.0,Sun,98410,8787,4996,278.7097967,11.3,0.0,10.8,0.0,0,True
2024-05-20,14914.0,Mon,236144,54079,7503,278.7097967,13.7,17.4,43.8,7.0,0,False
2024-05-21,13809.0,Tue,247524,57573,7604,278.7097967,15.6,2.3,36.6,8.0,0,False
2024-05-22,19005.0,Wed,265177,62252,8773,278.7097967,14.4,0.8,18.6,5.0,0,False
2024-05-23,18780.0,Thu,261961,60830,8952,278.7097967,12.2,2.2,11.0,6.0,0,False
2024-05-24,13399.0,Fri,234544,54278,7604,275.9484355,11.9,4.8,21.0,8.0,0,False
2024-05-25,9501.0,Sat,110156,19421,5161,275.9484355,13.0,1.0,27.6,9.0,0,True
2024-05-26,7163.0,Sun,80997,14070,2898,275.9484355,14.6,1.4,35.3,9.0,0,True
2024-05-27,13272.0,Mon,234068,53694,7298,275.9484355,13.5,1.6,23.2,13.0,0,False
2024-05-28,15438.0,Tue,251683,58977,7933,275.9484355,13.2,4.5,24.3,6.0,0,False
2024-05-29,10244.0,Wed,226840,54126,6116,275.9484355,11.9,3.3,52.3,13.0,0,False
2024-05-30,14431.0,Thu,242299,54744,7400,275.9484355,14.3,0.0,35.3,0.0,0,False
2024-05-31,14154.0,Fri,212910,50183,7934,273.2388485,14.9,0.0,26.7,0.0,0,False
2024-06-01,13134.0,Sat,118584,7120,5620,273.2388485,14.2,0.0,18.2,0.0,0,True
2024-06-02,11995.0,Sun,95231,5287,4844,273.2388485,16.0,0.6,21.4,4.0,0,True
2024-06-03,12727.0,Mon,87491,4770,4819,273.2388485,14.4,0.0,19.5,0.0,1,False
2024-06-04,18514.0,Tue,239905,46510,8171,273.2388485,12.3,0.0,15.1,0.0,0,False
2024-06-05,18151.0,Wed,248288,50063,7874,273.2388485,13.5,0.4,25.2,3.0,0,False
2024-06-06,17826.0,Thu,247801,50271,7900,273.2388485,14.6,0.0,26.2,0.0,0,False
2024-06-07,15199.0,Fri,232050,38595,7313,268.6753709,14.6,0.3,17.4,2.0,0,False
2024-06-08,14112.0,Sat,112433,20112,5877,268.6753709,15.3,0.2,22.7,2.0,0,True
2024-06-09,6425.0,Sun,73947,11192,2321,268.6753709,16.2,12.1,32.5,10.0,0,True
2024-06-10,13832.0,Mon,223713,44125,7221,268.6753709,16.4,13.4,31.8,9.0,0,False
2024-06-11,16535.0,Tue,240120,50330,8047,268.6753709,13.2,0.3,24.1,3.0,0,False
2024-06-12,17968.0,Wed,242892,53951,8018,268.6753709,11.3,0.2,8.1,2.0,0,False
2024-06-13,15482.0,Thu,239061,51374,7832,268.6753709,13.6,3.6,32.8,4.0,0,False
2024-06-14,8130.0,Fri,201119,40566,5873,264.3079222,15.4,26.6,36.3,18.0,0,False
2024-06-15,11587.0,Sat,112956,20118,4697,264.3079222,13.0,0.8,33.5,4.0,0,True
2024-06-16,12684.0,Sun,93388,5641,3639,264.3079222,13.4,11.0,33.1,7.0,0,True
2024-06-17,15108.0,Mon,219551,46579,6844,264.3079222,14.4,0.5,35.0,1.0,0,False
2024-06-18,18508.0,Tue,240724,49995,8182,264.3079222,13.5,0.2,20.5,1.0,0,False
2024-06-19,17027.0,Wed,246072,40365,7875,264.3079222,13.8,0.2,28.5,1.0,0,False
2024-06-20,16669.0,Thu,238115,49951,8226,264.3079222,12.9,0.0,31.4,0.0,0,False
2024-06-21,14153.0,Fri,222284,45707,7514,263.1343366,12.5,0.0,25.2,0.0,0,False
2024-06-22,12738.0,Sat,110533,19946,5647,263.1343366,13.8,6.8,23.8,6.0,0,True
2024-06-23,8230.0,Sun,83196,12486,3321,263.1343366,13.4,10.9,31.5,7.0,0,True
2024-06-24,14459.0,Mon,212694,46705,6541,263.1343366,11.6,0.1,11.0,1.0,0,False
2024-06-25,16225.0,Tue,232619,50317,7926,263.1343366,12.5,0.6,39.3,5.0,0,False
2024-06-26,15405.0,Wed,235995,48927,7598,263.1343366,13.5,0.0,38.8,0.0,0,False
2024-06-27,16711.0,Thu,230160,49988,8391,263.1343366,11.7,0.0,18.8,0.0,0,False
2024-06-28,14853.0,Fri,103905,5760,6155,265.4918142,9.7,0.1,9.8,1.0,1,False
2024-06-29,10395.0,Sat,107732,6311,5164,265.4918142,11.7,0.6,17.2,5.0,0,True
2024-06-30,11109.0,Sun,89127,4758,3913,265.4918142,11.0,0.0,12.7,0.0,0,True
2024-07-01,12848.0,Mon,203725,44601,6671,265.4918142,13.8,10.9,35.9,7.0,0,False
2024-07-02,13935.0,Tue,222155,49200,7624,265.4918142,12.8,0.2,34.1,2.0,0,False
2024-07-03,16290.0,Wed,233569,44722,7958,265.4918142,11.6,0.3,21.5,2.0,0,False
2024-07-04,17137.0,Thu,236683,38534,8490,265.4918142,8.2,0.0,10.0,0.0,0,False
2024-07-05,13963.0,Fri,207022,43939,7809,262.1368758,7.7,0.0,14.4,0.0,0,False
2024-07-06,8451.0,Sat,98034,16993,4175,262.1368758,10.5,0.3,32.4,3.0,0,True
2024-07-07,9403.0,Sun,85823,11151,3272,262.1368758,10.7,0.4,27.0,1.0,0,True
2024-07-08,14971.0,Mon,168598,40786,8201,262.1368758,11.3,0.3,13.0,3.0,0,False
2024-07-09,17537.0,Tue,183312,45391,8905,262.1368758,10.7,0.0,13.9,0.0,0,False
2024-07-10,16985.0,Wed,188632,47109,9545,262.1368758,10.8,0.0,11.3,0.0,0,False
2024-07-11,16887.0,Thu,183430,46321,9339,262.1368758,8.6,0.0,14.0,0.0,0,False
2024-07-12,13740.0,Fri,166927,40309,8834,264.2720217,8.3,0.0,19.1,0.0,0,False
2024-07-13,15271.0,Sat,109475,21437,7392,264.2720217,8.9,0.0,17.7,0.0,0,True
2024-07-14,9699.0,Sun,84350,14003,4038,264.2720217,12.0,0.6,36.0,5.0,0,True
2024-07-15,5695.0,Mon,153644,38879,4589,264.2720217,13.5,37.7,41.7,23.0,0,False
2024-07-16,16141.0,Tue,210519,51945,7854,264.2720217,12.3,0.5,7.9,3.0,0,False
2024-07-17,10415.0,Wed,193515,48333,7022,264.2720217,11.6,11.9,19.5,13.0,0,False
2024-07-18,16810.0,Thu,215360,54185,8232,264.2720217,10.8,0.0,13.2,0.0,0,False
2024-07-19,8095.0,Fri,173382,40125,6178,264.637581,13.9,13.6,22.3,19.0,0,False
2024-07-20,6014.0,Sat,102816,6325,3348,264.637581,13.4,20.0,31.2,16.0,0,True
2024-07-21,6623.0,Sun,82576,4680,2772,264.637581,13.8,2.5,29.7,10.0,0,True
2024-07-22,12596.0,Mon,242654,53079,7046,264.637581,12.2,7.4,23.4,6.0,0,False
2024-07-23,15474.0,Tue,264216,58698,8450,264.637581,12.2,0.8,28.2,5.0,0,False
2024-07-24,15395.0,Wed,266713,60109,8520,264.637581,12.4,1.1,26.8,5.0,0,False
2024-07-25,16819.0,Thu,266001,59225,8509,264.637581,12.4,0.8,22.5,5.0,0,False
2024-07-26,15067.0,Fri,248363,54984,8336,264.2808533,10.7,0.0,11.6,0.0,0,False
2024-07-27,14085.0,Sat,122152,16190,5862,264.2808533,9.9,0.1,7.0,1.0,0,True
2024-07-28,13602.0,Sun,98354,11702,4551,264.2808533,10.4,0.0,14.3,0.0,0,True
2024-07-29,12881.0,Mon,239011,53524,6955,264.2808533,13.4,9.8,34.9,10.0,0,False
2024-07-30,13655.0,Tue,258067,57390,7618,264.2808533,13.4,7.2,25.7,12.0,0,False
2024-07-31,15363.0,Wed,266756,60562,7991,264.2808533,11.9,11.1,13.7,11.0,0,False
2024-08-01,14594.0,Thu,262532,59644,7987,264.2808533,11.0,6.4,24.1,23.0,0,False
2024-08-02,13494.0,Fri,243238,54216,7631,263.4984512,11.2,2.0,27.0,5.0,0,False
2024-08-03,13079.0,Sat,123662,7681,5604,263.4984512,11.2,0.0,30.7,0.0,0,True
2024-08-04,11916.0,Sun,95556,5231,3798,263.4984512,11.6,0.2,26.7,2.0,0,True
2024-08-05,16257.0,Mon,244557,54710,7804,263.4984512,9.6,0.2,15.5,2.0,0,False
2024-08-06,18380.0,Tue,264993,59051,8906,263.4984512,9.3,0.3,16.9,3.0,0,False
2024-08-07,18651.0,Wed,265810,60699,8769,263.4984512,9.2,0.0,11.9,0.0,0,False
2024-08-08,14606.0,Thu,259067,58419,8060,263.4984512,11.2,4.7,24.4,7.0,0,False
2024-08-09,14150.0,Fri,241405,53031,7956,262.5146855,10.4,0.6,19.6,3.0,0,False
2024-08-10,14410.0,Sat,124913,7199,6301,262.5146855,11.6,0.2,25.0,2.0,0,True
2024-08-11,13969.0,Sun,99708,5205,4771,262.5146855,10.8,0.4,17.9,3.0,0,True
2024-08-12,14198.0,Mon,239122,52889,7253,262.5146855,12.9,0.7,35.3,6.0,0,False
2024-08-13,18921.0,Tue,265164,59426,8687,262.5146855,11.1,0.1,29.5,1.0,0,False
2024-08-14,18341.0,Wed,267102,60631,8905,262.5146855,9.0,0.0,13.5,0.0,0,False
2024-08-15,17077.0,Thu,261618,59024,8836,262.5146855,10.3,0.9,17.4,4.0,0,False
2024-08-16,13757.0,Fri,241403,51588,7764,260.560748,12.8,1.7,18.8,6.0,0,False
2024-08-17,6840.0,Sat,93692,16411,3378,260.560748,13.7,15.8,37.7,11.0,0,True
2024-08-18,4523.0,Sun,80385,11722,2436,260.560748,15.5,11.7,39.3,18.0,0,True
2024-08-19,10413.0,Mon,227404,50544,6333,260.560748,12.2,0.8,42.4,7.0,0,False
2024-08-20,16242.0,Tue,255270,57785,7771,260.560748,11.9,1.4,29.6,5.0,0,False
2024-08-21,16972.0,Wed,261470,59596,8172,260.560748,10.6,0.9,18.0,3.0,0,False
2024-08-22,18874.0,Thu,260210,59551,8793,260.560748,10.3,0.0,11.5,0.0,0,False
2024-08-23,15192.0,Fri,236831,52567,7749,258.8257452,13.5,0.7,26.6,4.0,0,False
2024-08-24,8544.0,Sat,119065,18162,4473,258.8257452,13.0,6.2,23.9,14.0,0,True
2024-08-25,16071.0,Sun,97182,11364,4556,258.8257452,11.3,0.3,13.9,3.0,0,True
2024-08-26,16712.0,Mon,227708,51006,7423,258.8257452,13.1,1.4,14.2,8.0,0,False
2024-08-27,11588.0,Tue,230597,51888,7199,258.8257452,14.1,9.3,25.7,9.0,0,False
2024-08-28,16492.0,Wed,248316,57318,8142,258.8257452,14.2,1.6,27.1,8.0,0,False
2024-08-29,13201.0,Thu,244286,49374,7491,258.8257452,15.4,6.9,36.2,10.0,0,False
2024-08-30,15659.0,Fri,233472,50059,8164,256.4347467,13.6,0.0,19.3,0.0,0,False
2024-08-31,7602.0,Sat,94102,15843,3252,256.4347467,15.8,6.7,33.8,12.0,0,True
2024-09-01,14796.0,Sun,93804,14072,5344,256.4347467,15.6,12.8,43.6,5.0,0,True
2024-09-02,17883.0,Mon,222086,49761,7030,256.4347467,12.5,0.0,9.4,0.0,0,False
2024-09-03,17198.0,Tue,237419,53550,7611,256.4347467,15.2,5.4,32.6,9.0,0,False
2024-09-04,16784.0,Wed,252858,43181,7619,256.4347467,12.2,0.9,19.5,6.0,0,False
2024-09-05,19288.0,Thu,245008,55770,8902,256.4347467,11.5,0.0,25.0,0.0,0,False
2024-09-06,12815.0,Fri,217070,47483,7184,254.4328812,13.5,0.8,27.4,5.0,0,False
2024-09-07,11065.0,Sat,115307,7318,4683,254.4328812,15.3,0.0,34.0,0.0,0,True
2024-09-08,12671.0,Sun,96672,5195,4226,254.4328812,13.9,5.0,35.9,6.0,0,True
2024-09-09,18262.0,Mon,234905,52129,7860,254.4328812,13.4,0.2,25.2,2.0,0,False
2024-09-10,18819.0,Tue,253505,57791,8572,254.4328812,14.8,0.8,27.1,5.0,0,False
2024-09-11,17870.0,Wed,256185,58080,8594,254.4328812,13.0,0.0,30.6,0.0,0,False
2024-09-12,18751.0,Thu,252395,57793,8771,254.4328812,10.9,0.1,13.0,1.0,0,False
2024-09-13,15387.0,Fri,236840,47976,7752,251.6925945,12.9,0.1,20.0,1.0,0,False
2024-09-14,9566.0,Sat,109806,11903,3829,251.6925945,14.6,15.1,26.3,14.0,0,True
2024-09-15,13075.0,Sun,98976,8208,3745,251.6925945,13.2,4.6,27.6,6.0,0,True
2024-09-16,15248.0,Mon,237197,52938,7390,251.6925945,11.3,4.9,35.0,12.0,0,False
2024-09-17,10110.0,Tue,233974,53046,6858,251.6925945,10.4,1.5,45.3,9.0,0,False
2024-09-18,15809.0,Wed,256909,58013,8088,251.6925945,11.7,0.4,29.4,4.0,0,False
2024-09-19,14112.0,Thu,253887,55549,8077,251.6925945,13.5,0.9,36.4,5.0,0,False
2024-09-20,9537.0,Fri,210665,46352,6632,249.0180961,13.8,9.4,32.8,11.0,0,False
2024-09-21,16136.0,Sat,122794,21168,6174,249.0180961,13.4,0.5,21.2,4.0,0,True
2024-09-22,15706.0,Sun,98095,11413,4518,249.0180961,14.5,0.9,17.6,6.0,0,True
2024-09-23,18161.0,Mon,242218,54114,8036,249.0180961,13.9,0.1,22.7,1.0,0,False
2024-09-24,19316.0,Tue,263012,58193,8528,249.0180961,14.5,0.3,33.6,3.0,0,False
2024-09-25,19233.0,Wed,264153,58550,8878,249.0180961,12.7,0.0,27.1,0.0,0,False
2024-09-26,18783.0,Thu,259006,57598,8635,249.0180961,13.3,0.0,21.6,0.0,0,False
2024-09-27,10486.0,Fri,224054,47558,6752,247.2620619,13.7,4.3,30.7,9.0,0,False
2024-09-28,16361.0,Sat,124839,7697,6122,247.2620619,13.1,0.0,26.8,0.0,0,True
2024-09-29,11368.0,Sun,94155,5545,3550,247.2620619,13.6,0.0,29.5,0.0,0,True
2024-09-30,18288.0,Mon,192581,43912,8942,247.2620619,12.9,0.0,15.6,0.0,0,False
2024-10-01,20197.0,Tue,209439,50285,9842,247.2620619,14.9,0.7,25.4,2.0,0,False
2024-10-02,13266.0,Wed,196819,48843,7304,247.2620619,15.3,8.4,45.9,13.0,0,False
2024-10-03,14912.0,Thu,203043,49894,8868,247.2620619,14.2,21.7,44.7,10.0,0,False
2024-10-04,16657.0,Fri,190750,46005,10437,246.7948775,12.0,0.0,21.0,0.0,0,False
2024-10-05,12790.0,Sat,86656,9206,4774,246.7948775,13.8,13.0,24.8,13.0,0,True
2024-10-06,9664.0,Sun,89842,6550,3900,246.7948775,16.2,6.3,36.0,12.0,0,True
2024-10-07,10919.0,Mon,177011,42851,7462,246.7948775,16.4,11.1,39.4,12.0,0,False
2024-10-08,21073.0,Tue,216389,53656,11030,246.7948775,15.7,0.1,25.1,1.0,0,False
2024-10-09,13968.0,Wed,201596,51168,8603,246.7948775,14.3,6.8,27.0,11.0,0,False
2024-10-10,17462.0,Thu,214204,53116,10405,246.7948775,12.1,2.6,14.9,7.0,0,False
2024-10-11,14212.0,Fri,187825,45723,9019,249.4365754,12.1,1.6,18.7,7.0,0,False
2024-10-12,11934.0,Sat,113548,15466,5408,249.4365754,13.7,0.2,36.7,2.0,0,True
2024-10-13,8149.0,Sun,87137,10040,3106,249.4365754,14.3,11.1,21.5,16.0,0,True
2024-10-14,16138.0,Mon,241993,51899,7789,249.4365754,12.3,2.9,29.6,9.0,0,False
2024-10-15,17380.0,Tue,256910,57154,8773,249.4365754,13.5,0.2,36.8,1.0,0,False
2024-10-16,20469.0,Wed,260176,58903,8996,249.4365754,13.0,0.1,13.8,1.0,0,False
2024-10-17,19236.0,Thu,258675,57676,8997,249.4365754,14.1,0.4,24.2,2.0,0,False
2024-10-18,15844.0,Fri,238435,50749,8481,252.261149,14.6,0.3,25.9,2.0,0,False
2024-10-19,15003.0,Sat,123081,27755,6664,252.261149,14.7,1.4,22.7,8.0,0,True
2024-10-20,15187.0,Sun,101247,18374,4643,252.261149,14.7,0.2,19.9,2.0,0,True
2024-10-21,19248.0,Mon,229617,49770,8161,252.261149,14.1,0.0,20.0,0.0,0,False
2024-10-22,20487.0,Tue,253199,54088,9234,252.261149,15.1,0.4,22.4,4.0,0,False
2024-10-23,19374.0,Wed,251141,55645,8821,252.261149,15.0,2.1,19.3,9.0,0,False
2024-10-24,20187.0,Thu,253380,55958,9225,252.261149,15.1,0.0,19.8,0.0,0,False
2024-10-25,16044.0,Fri,224217,47716,8142,253.1853374,16.7,1.2,29.3,6.0,0,False
2024-10-26,7196.0,Sat,106206,6535,3207,253.1853374,17.8,5.7,40.4,12.0,0,True
2024-10-27,13645.0,Sun,106489,6150,5646,253.1853374,16.0,1.0,26.2,6.0,0,True
2024-10-28,8604.0,Mon,85328,4580,4163,253.1853374,14.5,0.4,34.2,3.0,1,False
2024-10-29,17044.0,Tue,238978,54119,8520,253.1853374,15.4,9.5,34.2,9.0,0,False
2024-10-30,14467.0,Wed,245417,57391,8617,253.1853374,13.4,1.7,24.0,11.0,0,False
2024-10-31,19396.0,Thu,248364,54049,9589,253.1853374,14.9,1.1,26.0,6.0,0,False
2024-11-01,18443.0,Fri,226561,45063,8955,252.3393213,15.4,0.8,20.7,5.0,0,False
2024-11-02,15276.0,Sat,113387,20529,5987,252.3393213,16.5,2.5,28.7,10.0,0,True
2024-11-03,13736.0,Sun,93739,14402,5556,252.3393213,13.7,0.2,32.8,1.0,0,True
2024-11-04,20345.0,Mon,222588,49313,8851,252.3393213,13.1,1.5,19.2,7.0,0,False
2024-11-05,22818.0,Tue,247530,55498,9740,252.3393213,14.1,0.0,17.0,0.0,0,False
2024-11-06,21582.0,Wed,240422,54441,9303,252.3393213,15.8,0.2,12.8,2.0,0,False
2024-11-07,21510.0,Thu,243627,55718,10154,252.3393213,16.1,0.1,19.1,1.0,0,False
2024-11-08,18775.0,Fri,226966,49915,9701,253.7676168,16.3,3.2,16.0,9.0,0,False
2024-11-09,16949.0,Sat,120835,21472,7177,253.7676168,17.5,0.1,22.1,1.0,0,True
2024-11-10,14135.0,Sun,97417,15748,4920,253.7676168,18.1,1.8,17.4,9.0,0,True
2024-11-11,15475.0,Mon,218171,49485,8552,253.7676168,16.6,10.1,24.8,7.0,0,False
2024-11-12,23867.0,Tue,251003,57803,10817,253.7676168,16.5,1.0,18.3,4.0,0,False
2024-11-13,20376.0,Wed,241008,59602,10897,253.7676168,17.3,4.7,24.9,11.0,0,False
2024-11-14,16786.0,Thu,237874,58336,9632,253.7676168,18.3,3.7,31.1,11.0,0,False
2024-11-15,7287.0,Fri,177305,45135,6820,255.8128596,18.0,28.4,34.7,17.0,0,False
2024-11-16,15270.0,Sat,125782,25981,7396,255.8128596,16.1,0.0,23.3,0.0,0,True
2024-11-17,13514.0,Sun,99957,18024,5422,255.8128596,15.6,4.1,17.4,9.0,0,True
2024-11-18,21288.0,Mon,224953,51295,9746,255.8128596,15.6,0.1,20.0,1.0,0,False
2024-11-19,24134.0,Tue,247276,56083,10884,255.8128596,15.8,0.0,12.2,0.0,0,False
2024-11-20,20008.0,Wed,240216,54910,9691,255.8128596,16.3,6.3,23.1,7.0,0,False
2024-11-21,18623.0,Thu,236947,54418,9628,255.8128596,15.4,1.3,29.0,9.0,0,False
2024-11-22,17162.0,Fri,223516,48394,9663,255.972995,15.6,0.1,23.9,1.0,0,False
2024-11-23,12685.0,Sat,118409,19279,6384,255.972995,15.6,1.1,20.6,8.0,0,True
2024-11-24,15105.0,Sun,108448,35843,8304,255.972995,16.7,0.1,20.3,1.0,0,True
2024-11-25,20533.0,Mon,220822,48500,9811,255.972995,17.2,0.0,21.9,0.0,0,False
2024-11-26,20727.0,Tue,231811,52939,10022,255.972995,18.3,0.5,19.2,1.0,0,False
2024-11-27,21517.0,Wed,238646,54201,9962,255.972995,19.0,0.0,18.3,0.0,0,False
2024-11-28,20732.0,Thu,238871,54012,10398,255.972995,19.1,0.0,15.1,0.0,0,False
2024-11-29,16697.0,Fri,224047,50197,10130,255.8713042,19.6,0.0,19.7,0.0,0,False
2024-11-30,6239.0,Sat,108073,7218,4261,255.8713042,18.6,18.3,21.6,22.0,0,True
2024-12-01,8084.0,Sun,98124,8328,4561,255.8713042,17.8,3.2,20.0,14.0,0,True
2024-12-02,21424.0,Mon,221362,47953,10019,255.8713042,18.5,0.0,15.0,0.0,0,False
2024-12-03,23514.0,Tue,240162,51774,11135,255.8713042,18.8,0.0,14.3,0.0,0,False
2024-12-04,22800.0,Wed,240619,51864,11063,255.8713042,19.5,0.0,14.4,0.0,0,False
2024-12-05,21542.0,Thu,236561,52344,10884,255.8713042,20.3,0.1,22.0,1.0,0,False
2024-12-06,16250.0,Fri,213557,46821,10693,255.4648241,19.3,0.1,31.4,1.0,0,False
2024-12-07,15600.0,Sat,124920,27341,7789,255.4648241,19.5,0.1,16.8,1.0,0,True
2024-12-08,14787.0,Sun,97574,15697,5753,255.4648241,19.5,2.8,23.2,8.0,0,True
2024-12-09,16128.0,Mon,200207,44205,8176,255.4648241,20.7,7.2,26.8,9.0,0,False
2024-12-10,20809.0,Tue,220261,48882,10050,255.4648241,17.9,2.4,16.7,4.0,0,False
2024-12-11,21120.0,Wed,219177,50344,10723,255.4648241,18.0,2.7,13.5,5.0,0,False
2024-12-12,11852.0,Thu,196952,45783,8709,255.4648241,19.6,12.3,26.9,19.0,0,False
2024-12-13,18153.0,Fri,198231,44426,11158,255.6466794,19.7,0.2,22.1,2.0,0,False
2024-12-14,16607.0,Sat,123975,26629,7562,255.6466794,20.0,0.0,11.2,0.0,0,True
2024-12-15,15528.0,Sun,98079,14730,6216,255.6466794,20.3,0.0,14.2,0.0,0,True
2024-12-16,12084.0,Mon,159371,37765,7426,255.6466794,19.0,30.6,12.7,15.0,0,False
2024-12-17,21532.0,Tue,203267,47208,10961,255.6466794,18.6,1.1,21.4,6.0,0,False
2024-12-18,20998.0,Wed,200125,48026,10758,255.6466794,16.9,0.3,22.8,3.0,0,False
2024-12-19,20185.0,Thu,196289,47048,11826,255.6466794,19.6,0.0,15.5,0.0,0,False
2024-12-20,16651.0,Fri,174047,41459,10584,258.506771,19.4,0.5,27.0,2.0,0,False
2024-12-21,10299.0,Sat,106269,21257,5099,258.506771,20.3,4.2,28.0,12.0,0,True
2024-12-22,14310.0,Sun,94635,15510,5640,258.506771,19.8,3.2,13.2,12.0,0,True
2024-12-23,10475.0,Mon,122221,25890,7234,258.506771,19.4,3.5,21.7,13.0,0,False
2024-12-24,13197.0,Tue,109929,21876,6267,258.506771,19.8,0.0,13.2,0.0,0,False
2024-12-25,7365.0,Wed,39311,4655,3760,258.506771,18.7,5.9,21.4,9.0,1,False
2024-12-26,9593.0,Thu,85289,18700,5235,258.506771,18.8,10.1,25.2,11.0,1,False
2024-12-27,9473.0,Fri,103285,6251,6283,262.3405328,19.4,0.0,37.3,0.0,0,False
2024-12-28,11682.0,Sat,99754,5606,6961,262.3405328,18.9,0.0,27.2,0.0,0,True
2024-12-29,14512.0,Sun,89633,4694,7298,262.3405328,20.0,0.0,17.7,0.0,0,True
2024-12-30,10872.0,Mon,104619,6245,7101,262.3405328,19.7,1.6,25.3,3.0,0,False
2024-12-31,8951.0,Tue,115312,6643,6951,262.3405328,17.7,1.4,36.3,8.0,0,False
2025-01-01,10716.0,Wed,72786,4445,6028,262.3405328,18.9,2.5,24.8,8.0,1,False
2025-01-02,9826.0,Thu,83441,4771,6174,262.3405328,18.9,1.2,24.5,11.0,1,False
2025-01-03,9119.0,Fri,104543,6487,6677,264.7392048,18.6,1.5,28.3,8.0,0,False
2025-01-04,10560.0,Sat,96857,5473,5921,264.7392048,17.7,1.4,27.5,10.0,0,True
2025-01-05,13877.0,Sun,89371,4746,5972,264.7392048,17.8,0.8,21.9,5.0,0,True
2025-01-06,16012.0,Mon,145092,7796,7858,264.7392048,17.4,0.0,29.2,0.0,0,False
2025-01-07,17649.0,Tue,155738,9365,9081,264.7392048,18.7,0.0,23.5,0.0,0,False
2025-01-08,16072.0,Wed,155081,9526,8477,264.7392048,19.4,0.3,25.9,3.0,0,False
2025-01-09,18540.0,Thu,161373,10086,10279,264.7392048,19.5,0.5,17.8,2.0,0,False
2025-01-10,15871.0,Fri,151933,9347,9394,265.7011853,19.7,1.6,16.9,6.0,0,False
2025-01-11,16497.0,Sat,112113,6169,8542,265.7011853,19.2,0.0,21.0,0.0,0,True
2025-01-12,16380.0,Sun,94555,4546,6069,265.7011853,18.9,0.0,21.5,0.0,0,True
2025-01-13,20904.0,Mon,174400,11693,9783,265.7011853,17.9,0.0,27.6,0.0,0,False
2025-01-14,23808.0,Tue,192845,13037,11488,265.7011853,19.1,0.0,19.0,0.0,0,False
2025-01-15,22838.0,Wed,193853,12815,11217,265.7011853,19.7,0.3,14.2,3.0,0,False
2025-01-16,22716.0,Thu,195712,12751,11829,265.7011853,19.6,0.0,15.9,0.0,0,False
2025-01-17,18656.0,Fri,176053,11312,8905,268.1869395,20.2,0.8,24.6,5.0,0,False
2025-01-18,18970.0,Sat,121643,7544,9365,268.1869395,20.1,0.0,20.8,0.0,0,True
2025-01-19,15664.0,Sun,99195,4949,6063,268.1869395,20.1,1.5,29.9,6.0,0,True
2025-01-20,18184.0,Mon,179512,12394,8757,268.1869395,20.1,0.2,28.7,1.0,0,False
2025-01-21,10384.0,Tue,168746,11581,5899,268.1869395,19.1,28.7,33.6,18.0,0,False
2025-01-22,22841.0,Wed,205838,13463,10595,268.1869395,20.0,1.6,16.6,7.0,0,False
2025-01-23,23354.0,Thu,205521,13274,11847,268.1869395,20.2,1.6,19.5,7.0,0,False
2025-01-24,18215.0,Fri,187009,11853,10744,270.6479193,20.8,1.4,12.0,6.0,0,False
2025-01-25,14702.0,Sat,113587,6261,6609,270.6479193,20.2,5.3,30.1,6.0,0,True
2025-01-26,5221.0,Sun,79030,4641,3060,270.6479193,20.9,28.2,36.2,18.0,0,True
2025-01-27,13760.0,Mon,95744,5718,6137,270.6479193,19.5,0.2,28.3,2.0,0,False
2025-01-28,23646.0,Tue,208583,32667,10319,270.6479193,18.4,0.3,18.2,3.0,0,False
2025-01-29,24684.0,Wed,218396,36375,11113,270.6479193,20.0,2.1,13.2,5.0,0,False
2025-01-30,23933.0,Thu,230194,37450,11158,270.6479193,19.9,1.8,9.2,8.0,0,False
2025-01-31,19849.0,Fri,220654,34788,11261,270.3937717,20.8,0.4,15.0,2.0,0,False
2025-02-01,18059.0,Sat,119248,17206,7770,270.3937717,21.2,0.2,13.8,2.0,0,True
2025-02-02,17550.0,Sun,99938,11754,6169,270.3937717,21.8,0.0,15.4,0.0,0,True
2025-02-03,22854.0,Mon,233385,44512,9703,270.3937717,21.0,1.7,12.9,6.0,0,False
2025-02-04,26002.0,Tue,256440,51447,11515,270.3937717,20.7,0.0,15.0,0.0,0,False
2025-02-05,24625.0,Wed,262921,53668,11432,270.3937717,20.5,0.0,16.9,0.0,0,False
2025-02-06,18167.0,Thu,109722,18043,7281,270.3937717,20.8,0.0,15.2,0.0,1,False
2025-02-07,17543.0,Fri,201442,39200,9246,269.3989094,21.0,0.8,20.0,4.0,0,False
2025-02-08,16764.0,Sat,121589,16950,7779,269.3989094,20.9,2.2,15.7,8.0,0,True
2025-02-09,15729.0,Sun,100060,14168,6354,269.3989094,21.3,0.7,15.3,4.0,0,True
2025-02-10,22551.0,Mon,241772,48751,9511,269.3989094,21.3,4.6,13.2,6.0,0,False
2025-02-11,24351.0,Tue,261464,54718,10496,269.3989094,20.8,6.3,13.0,9.0,0,False
2025-02-12,25156.0,Wed,265511,56794,11221,269.3989094,19.8,0.0,16.6,0.0,0,False
2025-02-13,25015.0,Thu,263601,55336,11343,269.3989094,19.9,0.3,14.6,3.0,0,False
2025-02-14,20152.0,Fri,247078,51142,11108,268.8165921,20.0,0.9,16.1,7.0,0,False
2025-02-15,15909.0,Sat,129099,28628,7130,268.8165921,20.2,0.7,26.1,4.0,0,True
2025-02-16,11933.0,Sun,99003,15719,4560,268.8165921,20.4,3.9,26.0,14.0,0,True
2025-02-17,16529.0,Mon,233222,49135,8487,268.8165921,21.9,3.7,28.6,11.0,0,False
2025-02-18,23542.0,Tue,262237,55757,10347,268.8165921,21.8,2.8,19.1,3.0,0,False
2025-02-19,24791.0,Wed,262429,56668,10319,268.8165921,21.1,2.9,17.5,10.0,0,False
2025-02-20,23798.0,Thu,262361,56375,10809,268.8165921,21.6,5.3,12.0,7.0,0,False
2025-02-21,20132.0,Fri,242896,50041,9517,268.3746224,20.8,1.5,23.8,5.0,0,False
2025-02-22,17341.0,Sat,134749,20616,7839,268.3746224,19.9,0.0,22.4,0.0,0,True
2025-02-23,17197.0,Sun,111833,14071,6058,268.3746224,19.9,0.6,17.4,3.0,0,True
2025-02-24,23734.0,Mon,252051,53529,10082,268.3746224,20.0,1.7,13.7,3.0,0,False
2025-02-25,25827.0,Tue,274156,58271,11290,268.3746224,20.0,1.9,14.1,12.0,0,False
2025-02-26,25902.0,Wed,274790,59408,11310,268.3746224,20.5,0.0,15.2,0.0,0,False
2025-02-27,22279.0,Thu,269845,57777,10548,268.3746224,20.1,1.2,12.2,4.0,0,False
2025-02-28,20894.0,Fri,254481,52603,11055,267.7019654,20.4,0.0,13.4,0.0,0,False
2025-03-01,16053.0,Sat,131502,26177,8257,267.7019654,21.0,4.3,12.2,14.0,0,True
2025-03-02,14301.0,Sun,111020,17273,6647,267.7019654,20.4,0.0,17.1,0.0,0,True
2025-03-03,23665.0,Mon,282174,61283,10860,267.7019654,21.3,0.2,13.9,2.0,0,False
2025-03-04,24872.0,Tue,295011,65513,10729,267.7019654,20.5,2.1,19.1,4.0,0,False
2025-03-05,25019.0,Wed,299198,67816,11138,267.7019654,19.0,0.4,23.9,1.0,0,False
2025-03-06,25068.0,Thu,294758,65858,11889,267.7019654,16.3,0.0,15.8,0.0,0,False
2025-03-07,21397.0,Fri,271389,59047,11851,266.3419772,17.4,0.0,18.5,0.0,0,False
2025-03-08,15583.0,Sat,134177,24079,7875,266.3419772,18.7,0.5,22.0,4.0,0,True
2025-03-09,17545.0,Sun,109234,17069,6262,266.3419772,20.1,0.0,21.8,0.0,0,True
2025-03-10,24140.0,Mon,276949,60383,10474,266.3419772,19.4,0.0,16.9,0.0,0,False
2025-03-11,26004.0,Tue,300081,66155,11296,266.3419772,18.8,0.0,19.6,0.0,0,False
2025-03-12,22393.0,Wed,292419,66208,10052,266.3419772,19.6,1.3,20.2,3.0,0,False
2025-03-13,23808.0,Thu,294647,65817,10682,266.3419772,18.9,0.8,10.6,4.0,0,False
2025-03-14,20451.0,Fri,271574,59207,11074,263.8612432,18.8,0.1,15.0,1.0,0,False
2025-03-15,17121.0,Sat,138131,8801,8008,263.8612432,19.4,0.2,14.6,1.0,0,True
2025-03-16,16636.0,Sun,111805,6777,6404,263.8612432,19.1,0.0,18.4,0.0,0,True
2025-03-17,19696.0,Mon,268015,58535,9637,263.8612432,20.1,2.8,17.8,9.0,0,False
2025-03-18,21432.0,Tue,284507,64233,10042,263.8612432,19.4,3.4,28.3,4.0,0,False
2025-03-19,18716.0,Wed,288320,65680,9914,263.8612432,16.3,17.5,18.5,11.0,0,False
2025-03-20,23333.0,Thu,291403,65017,11442,263.8612432,17.5,0.1,18.7,1.0,0,False
2025-03-21,20387.0,Fri,270529,59496,11034,261.6678156,18.5,0.0,12.1,0.0,0,False
2025-03-22,17156.0,Sat,132685,25502,7805,261.6678156,18.2,3.0,10.5,7.0,0,True
2025-03-23,16282.0,Sun,104474,16335,6096,261.6678156,18.8,0.1,13.5,1.0,0,True
2025-03-24,23311.0,Mon,269431,61080,10718,261.6678156,19.6,0.5,12.8,4.0,0,False
2025-03-25,25359.0,Tue,289303,64765,10956,261.6678156,19.6,0.0,9.8,0.0,0,False
2025-03-26,24449.0,Wed,290909,65463,11028,261.6678156,19.5,0.0,14.1,0.0,0,False
2025-03-27,23833.0,Thu,288782,63393,11161,261.6678156,19.6,0.0,17.9,0.0,0,False
2025-03-28,18926.0,Fri,262628,55914,9638,261.2133046,19.6,0.6,18.6,4.0,0,False
2025-03-29,15811.0,Sat,127139,22808,7159,261.2133046,18.4,2.0,17.5,10.0,0,True
2025-03-30,16559.0,Sun,100433,15425,6228,261.2133046,19.5,0.6,14.9,5.0,0,True
2025-03-31,22992.0,Mon,260737,57996,9438,261.2133046,18.3,0.0,16.2,0.0,0,False
2025-04-01,25563.0,Tue,281759,62545,10523,261.2133046,19.7,1.1,19.6,7.0,0,False
2025-04-02,19365.0,Wed,274771,63252,9374,261.2133046,20.0,5.5,28.2,13.0,0,False
2025-04-03,10775.0,Thu,253903,58114,7488,261.2133046,19.4,18.4,36.7,23.0,0,False
2025-04-04,5100.0,Fri,195020,41735,4433,261.2136859,20.3,51.7,45.4,23.0,0,False
2025-04-05,16113.0,Sat,130064,26654,6681,261.2136859,19.2,0.2,17.8,2.0,0,True
2025-04-06,16823.0,Sun,101368,14643,5095,261.2136859,17.6,6.0,20.2,11.0,0,True
2025-04-07,21733.0,Mon,265827,57913,9314,261.2136859,18.4,1.1,23.4,8.0,0,False
2025-04-08,19646.0,Tue,268939,60731,9351,261.2136859,17.6,3.0,26.2,9.0,0,False
2025-04-09,22532.0,Wed,282956,63301,10156,261.2136859,16.3,0.1,20.4,1.0,0,False
2025-04-10,23636.0,Thu,279764,62879,10567,261.2136859,15.4,0.0,6.3,0.0,0,False
2025-04-11,18444.0,Fri,251224,52819,8836,260.0092148,16.8,0.0,16.6,0.0,0,False
2025-04-12,17290.0,Sat,130978,7461,6671,260.0092148,16.3,0.1,19.5,1.0,0,True
2025-04-13,16421.0,Sun,104905,5301,5665,260.0092148,16.9,0.0,18.9,0.0,0,True
2025-04-14,21126.0,Mon,196560,12764,10434,260.0092148,18.6,0.7,13.5,4.0,0,False
2025-04-15,22805.0,Tue,213368,13333,10596,260.0092148,18.3,0.0,22.0,0.0,0,False
2025-04-16,9463.0,Wed,174055,12054,5371,260.0092148,18.9,12.6,38.2,12.0,0,False
2025-04-17,5082.0,Thu,125880,9705,384,260.0092148,18.9,23.7,46.5,24.0,0,False
2025-04-18,7591.0,Fri,60751,3298,2726,257.3380623,20.4,7.6,42.9,18.0,1,False
2025-04-19,6839.0,Sat,98041,5678,3364,257.3380623,20.5,8.5,31.8,10.0,0,True
2025-04-20,8378.0,Sun,66621,3319,2980,257.3380623,19.8,19.5,22.9,10.0,0,True
2025-04-21,9979.0,Mon,86580,4675,3874,257.3380623,18.6,1.1,9.9,5.0,1,False
2025-04-22,14751.0,Tue,179008,11723,8035,257.3380623,17.8,1.0,12.3,6.0,0,False
2025-04-23,18147.0,Wed,192240,12342,9456,257.3380623,17.5,0.3,17.2,2.0,0,False
2025-04-24,16631.0,Thu,187180,11313,8998,257.3380623,15.9,0.1,21.6,1.0,0,False
2025-04-25,13000.0,Fri,92786,4955,4912,255.4894919,17.1,0.8,24.3,6.0,1,False
2025-04-26,9215.0,Sat,110321,5873,4976,255.4894919,18.4,3.9,25.4,14.0,0,True
2025-04-27,2807.0,Sun,69523,3911,2086,255.4894919,18.0,37.4,23.0,24.0,0,True
2025-04-28,17288.0,Mon,255306,51994,8311,255.4894919,18.8,24.9,21.7,16.0,0,False
2025-04-29,18974.0,Tue,271087,58250,9083,255.4894919,19.2,16.5,32.0,12.0,0,False
2025-04-30,14700.0,Wed,268790,58539,7794,255.4894919,18.8,10.5,30.3,18.0,0,False
2025-05-01,13177.0,Thu,261330,55337,8246,255.4894919,17.1,6.2,31.5,15.0,0,False
2025-05-02,14442.0,Fri,244643,50987,8140,254.2360694,14.8,3.8,13.4,10.0,0,False
2025-05-03,15902.0,Sat,122835,19850,6698,254.2360694,13.8,0.0,24.1,0.0,0,True
2025-05-04,17406.0,Sun,98464,14699,5509,254.2360694,13.9,0.0,10.8,0.0,0,True
2025-05-05,22235.0,Mon,257610,54115,9982,254.2360694,12.9,0.0,10.0,0.0,0,False
2025-05-06,23540.0,Tue,275837,61235,10446,254.2360694,12.7,0.0,8.5,0.0,0,False
2025-05-07,22708.0,Wed,279927,61101,10112,254.2360694,15.3,0.2,12.4,1.0,0,False
2025-05-08,17535.0,Thu,269652,58400,8832,254.2360694,17.7,3.2,25.9,17.0,0,False
2025-05-09,7753.0,Fri,217135,46278,6253,252.9783766,18.2,20.8,35.4,20.0,0,False
2025-05-10,15432.0,Sat,123527,20290,5989,252.9783766,15.4,0.0,22.9,0.0,0,True
2025-05-11,15667.0,Sun,92088,13989,5660,252.9783766,14.7,0.1,15.3,1.0,0,True
2025-05-12,21332.0,Mon,255139,54384,8927,252.9783766,14.2,0.0,9.0,0.0,0,False
2025-05-13,22760.0,Tue,272022,59092,9539,252.9783766,14.4,0.0,16.5,0.0,0,False
2025-05-14,21035.0,Wed,276114,60532,9727,252.9783766,15.8,0.0,16.2,0.0,0,False
2025-05-15,21411.0,Thu,273420,59076,10068,252.9783766,14.3,0.1,16.9,1.0,0,False
2025-05-16,17908.0,Fri,251180,53658,9687,251.6838359,15.5,0.1,13.0,1.0,0,False
2025-05-17,17414.0,Sat,124840,21702,7248,251.6838359,14.5,0.0,19.1,0.0,0,True
2025-05-18,8967.0,Sun,86443,12701,3154,251.6838359,17.7,19.8,23.8,11.0,0,True
2025-05-19,19144.0,Mon,249774,54119,8436,251.6838359,15.1,6.5,28.6,6.0,0,False
2025-05-20,22298.0,Tue,272500,59488,9709,251.6838359,13.2,0.0,19.1,0.0,0,False
2025-05-21,21524.0,Wed,274138,60692,9711,251.6838359,13.0,0.0,10.4,0.0,0,False
2025-05-22,20422.0,Thu,271126,59943,9732,251.6838359,11.1,0.0,7.6,0.0,0,False
2025-05-23,15946.0,Fri,246444,52720,8604,251.1513384,12.7,0.6,11.8,3.0,0,False
2025-05-24,16158.0,Sat,123344,22512,6402,251.1513384,13.0,0.0,18.9,0.0,0,True
2025-05-25,13285.0,Sun,94582,15586,3890,251.1513384,16.7,1.0,21.4,5.0,0,True
2025-05-26,16385.0,Mon,243534,52715,7954,251.1513384,16.6,13.8,25.9,11.0,0,False
2025-05-27,16106.0,Tue,261409,57208,8807,251.1513384,15.3,16.5,12.7,10.0,0,False
2025-05-28,14205.0,Wed,259136,58120,8087,251.1513384,16.6,9.5,36.2,11.0,0,False
2025-05-29,15044.0,Thu,260496,57596,8040,251.1513384,15.3,13.0,32.2,10.0,0,False
2025-05-30,13597.0,Fri,232935,12756,7592,250.3628317,16.1,1.3,27.0,6.0,0,False
2025-05-31,12163.0,Sat,121915,6830,5202,250.3628317,15.9,0.0,27.7,0.0,0,True
2025-06-01,11547.0,Sun,102691,5027,4921,250.3628317,15.5,0.0,25.2,0.0,0,True
2025-06-02,13545.0,Mon,89810,4932,4698,250.3628317,14.2,0.1,15.6,1.0,1,False
2025-06-03,20114.0,Tue,256660,54991,8768,250.3628317,13.7,0.1,14.8,1.0,0,False
2025-06-04,11109.0,Wed,236733,52857,6313,250.3628317,18.0,24.4,42.8,15.0,0,False
2025-06-05,17215.0,Thu,259156,56197,8407,250.3628317,16.0,1.2,25.1,7.0,0,False
2025-06-06,11411.0,Fri,236634,49096,7190,248.8619584,11.7,16.7,24.0,15.0,0,False
2025-06-07,13208.0,Sat,113659,19622,4701,248.8619584,9.9,0.2,15.7,2.0,0,True
2025-06-08,13643.0,Sun,92186,12603,4326,248.8619584,10.1,1.3,14.8,7.0,0,True
2025-06-09,11681.0,Mon,214471,46657,7008,248.8619584,13.7,23.6,16.9,14.0,0,False
2025-06-10,13951.0,Tue,233825,51910,7160,248.8619584,13.6,20.3,30.0,12.0,0,False
2025-06-11,18027.0,Wed,250164,48584,8613,248.8619584,16.0,1.1,21.9,5.0,0,False
2025-06-12,13417.0,Thu,238218,51090,7865,248.8619584,14.8,2.9,23.0,9.0,0,False
2025-06-13,13348.0,Fri,229449,49064,7533,248.3089774,14.3,1.1,20.7,6.0,0,False
2025-06-14,12754.0,Sat,113741,19127,4799,248.3089774,13.0,7.1,11.7,10.0,0,True
2025-06-15,5923.0,Sun,78993,12252,2692,248.3089774,13.3,1.6,23.4,11.0,0,True
2025-06-16,18800.0,Mon,233561,49761,8183,248.3089774,11.4,0.0,12.3,0.0,0,False
2025-06-17,20599.0,Tue,249211,55477,9144,248.3089774,10.7,0.0,10.4,0.0,0,False
2025-06-18,18946.0,Wed,250290,55544,8784,248.3089774,9.2,0.0,7.1,0.0,0,False
2025-06-19,16452.0,Thu,238134,52765,8125,248.3089774,12.8,2.9,16.6,5.0,0,False
2025-06-20,11019.0,Fri,102151,5817,4583,250.7198088,13.7,10.2,18.9,7.0,1,False
2025-06-21,13713.0,Sat,118016,6679,5677,250.7198088,12.2,0.0,12.9,0.0,0,True
2025-06-22,12718.0,Sun,93068,4712,4617,250.7198088,11.1,0.0,23.1,0.0,0,True
2025-06-23,15055.0,Mon,227321,11943,7249,250.7198088,14.7,0.7,24.7,6.0,0,False
2025-06-24,19531.0,Tue,241721,49976,8358,250.7198088,13.2,0.0,12.3,0.0,0,False
2025-06-25,18225.0,Wed,242743,52684,8483,250.7198088,13.1,0.2,26.7,2.0,0,False
2025-06-26,14875.0,Thu,233775,49265,7617,250.7198088,16.2,2.3,37.3,9.0,0,False
2025-06-27,6048.0,Fri,169039,34826,4414,255.178076,15.8,34.3,46.9,17.0,0,False
2025-06-28,5392.0,Sat,98335,14444,3617,255.178076,14.4,5.1,25.0,18.0,0,True
2025-06-29,10086.0,Sun,88281,11699,3739,255.178076,14.2,0.4,22.8,1.0,0,True
2025-06-30,16783.0,Mon,175611,35481,8405,255.178076,13.8,0.2,20.9,1.0,0,False
2025-07-01,18420.0,Tue,192157,39813,9456,255.178076,12.1,0.1,9.8,1.0,0,False
2025-07-02,16681.0,Wed,188072,40926,8903,255.178076,13.2,1.3,34.1,7.0,0,False
2025-07-03,5564.0,Thu,133998,30166,4251,255.178076,16.5,25.1,50.1,19.0,0,False
2025-07-04,12594.0,Fri,167942,33819,7438,256.0904696,16.2,8.6,19.4,10.0,0,False
2025-07-05,8803.0,Sat,101006,15974,4315,256.0904696,15.1,2.4,27.0,10.0,0,True
2025-07-06,16682.0,Sun,95755,13896,5655,256.0904696,12.1,0.0,13.0,0.0,0,True
2025-07-07,16740.0,Mon,172891,37049,9208,256.0904696,9.9,0.0,9.1,0.0,0,False
2025-07-08,18220.0,Tue,188776,41143,9776,256.0904696,11.1,0.4,18.6,1.0,0,False
2025-07-09,12936.0,Wed,178575,39574,7820,256.0904696,14.1,6.8,24.6,10.0,0,False
2025-07-10,11034.0,Thu,163843,36773,6953,256.0904696,14.9,18.3,25.8,20.0,0,False
2025-07-11,4311.0,Fri,117675,25273,3879,254.8786774,15.2,52.3,51.8,22.0,0,False
2025-07-12,11108.0,Sat,106796,16474,4945,254.8786774,13.6,0.5,23.5,5.0,0,True
2025-07-13,9710.0,Sun,83005,11650,3211,254.8786774,12.0,15.8,18.8,6.0,0,True
2025-07-14,17317.0,Mon,222976,46221,7396,254.8786774,11.4,0.4,14.2,4.0,0,False
2025-07-15,14457.0,Tue,232866,50164,7347,254.8786774,12.3,4.6,30.6,10.0,0,False
2025-07-16,17141.0,Wed,242019,51810,8453,254.8786774,13.3,0.3,30.0,1.0,0,False
2025-07-17,8064.0,Thu,210623,45659,6713,254.8786774,12.1,30.1,28.2,20.0,0,False
2025-07-18,12902.0,Fri,222307,49542,7626,253.8943215,11.8,1.6,25.1,9.0,0,False
2025-07-19,13600.0,Sat,113884,19022,5386,253.8943215,10.5,0.3,9.2,3.0,0,True
2025-07-20,15079.0,Sun,95434,14297,4773,253.8943215,9.9,1.3,12.1,3.0,0,True
2025-07-21,18960.0,Mon,255810,55539,8826,253.8943215,8.4,0.0,12.2,0.0,0,False
2025-07-22,19927.0,Tue,270003,61999,9461,253.8943215,8.4,0.0,12.1,0.0,0,False
2025-07-23,19197.0,Wed,271174,62090,9325,253.8943215,8.6,0.0,11.3,0.0,0,False
2025-07-24,18771.0,Thu,270964,60520,9779,253.8943215,8.5,0.0,7.9,0.0,0,False
2025-07-25,15961.0,Fri,248044,53355,8853,254.1245538,10.5,0.0,17.4,0.0,0,False
2025-07-26,13034.0,Sat,124860,16271,5737,254.1245538,13.7,0.2,20.7,2.0,0,True
2025-07-27,14212.0,Sun,100647,10559,4814,254.1245538,14.0,0.1,21.7,1.0,0,True
2025-07-28,16777.0,Mon,253148,55940,7742,254.1245538,14.7,0.1,37.7,1.0,0,False
2025-07-29,5663.0,Tue,207182,45996,4709,254.1245538,15.3,105.6,47.5,22.0,0,False
2025-07-30,16440.0,Wed,266897,58666,8198,254.1245538,13.7,7.5,18.4,11.0,0,False
2025-07-31,16266.0,Thu,264600,59105,7518,254.1245538,11.8,2.5,11.6,6.0,0,False
2025-08-01,16440.0,Fri,251925,56749,8362,253.9131763,10.7,0.0,13.8,0.0,0,False
2025-08-02,15829.0,Sat,123203,22481,6981,253.9131763,10.1,0.0,22.0,0.0,0,True
2025-08-03,15897.0,Sun,99228,15230,5507,253.9131763,10.4,0.0,13.7,0.0,0,True
2025-08-04,18123.0,Mon,249722,56262,8264,253.9131763,10.2,0.0,18.2,0.0,0,False
2025-08-05,17529.0,Tue,261187,59479,8097,253.9131763,12.3,0.6,31.6,4.0,0,False
2025-08-06,16765.0,Wed,263217,60449,8207,253.9131763,13.0,1.0,25.8,4.0,0,False
2025-08-07,15927.0,Thu,263132,59580,8578,253.9131763,13.9,1.1,24.9,8.0,0,False
2025-08-08,8671.0,Fri,219881,47730,12159,254.1423515,13.6,11.9,30.1,14.0,0,False
2025-08-09,10063.0,Sat,118165,17801,9051,254.1423515,10.9,1.1,24.8,4.0,0,True
2025-08-10,12704.0,Sun,99708,12544,7908,254.1423515,8.7,0.0,25.7,0.0,0,True
2025-08-11,18412.0,Mon,245949,53757,13863,254.1423515,8.9,0.0,12.4,0.0,0,False
2025-08-12,20182.0,Tue,271147,57040,15822,254.1423515,9.6,0.0,11.5,0.0,0,False
2025-08-13,19069.0,Wed,268385,59146,9143,254.1423515,9.7,0.0,10.9,0.0,0,False
2025-08-14,19278.0,Thu,264233,58788,9057,254.1423515,8.6,4.8,10.1,4.0,0,False
2025-08-15,16512.0,Fri,246226,54274,8908,252.742037,9.3,0.0,6.0,0.0,0,False
2025-08-16,11158.0,Sat,108958,22561,4681,252.742037,11.9,11.8,29.0,10.0,0,True
2025-08-17,5369.0,Sun,83960,13353,2636,252.742037,13.6,17.8,32.4,17.0,0,True
2025-08-18,15599.0,Mon,242455,54346,7827,252.742037,13.0,3.0,28.0,6.0,0,False
2025-08-19,11350.0,Tue,249120,55476,7657,252.742037,10.2,3.9,21.7,8.0,0,False
2025-08-20,19530.0,Wed,249571,58971,9333,252.742037,9.3,0.0,23.5,0.0,0,False
2025-08-21,19737.0,Thu,267561,60659,9471,252.742037,9.7,0.0,14.8,0.0,0,False
2025-08-22,16458.0,Fri,243506,52388,8531,251.6431882,9.7,0.2,9.2,2.0,0,False
2025-08-23,14956.0,Sat,120704,17009,5843,251.6431882,9.4,1.5,11.4,4.0,0,True
2025-08-24,12039.0,Sun,95396,11682,4084,251.6431882,10.0,8.4,15.9,10.0,0,True
2025-08-25,17062.0,Mon,242326,52893,7947,251.6431882,12.6,2.9,20.3,9.0,0,False
2025-08-26,20110.0,Tue,265550,59099,8913,251.6431882,13.4,0.0,21.5,0.0,0,False
2025-08-27,16495.0,Wed,261871,58742,8123,251.6431882,13.2,1.4,22.2,6.0,0,False
2025-08-28,18643.0,Thu,261479,58975,8893,251.6431882,12.8,3.1,27.5,7.0,0,False
2025-08-29,12268.0,Fri,228390,51358,7289,252.5846236,13.4,3.1,34.6,10.0,0,False
2025-08-30,11937.0,Sat,120134,21061,5333,252.5846236,13.8,1.0,21.8,4.0,0,True
2025-08-31,3728.0,Sun,68585,10760,1841,252.5846236,12.7,9.0,42.3,19.0,0,True
2025-09-01,14400.0,Mon,224845,48909,6911,252.5846236,13.9,0.0,33.6,0.0,0,False
2025-09-02,18191.0,Tue,244721,54627,8163,252.5846236,13.7,0.5,22.9,5.0,0,False
2025-09-03,18828.0,Wed,252438,53260,8556,252.5846236,13.0,1.0,14.9,7.0,0,False
2025-09-04,19180.0,Thu,248260,55982,8940,252.5846236,12.1,0.3,10.6,2.0,0,False
2025-09-05,16429.0,Fri,230025,48773,8327,253.4530696,13.0,0.0,19.1,0.0,0,False
2025-09-06,5449.0,Sat,103509,18855,4558,253.4530696,12.5,10.7,24.0,16.0,0,True
2025-09-07,11540.0,Sun,90916,14318,4624,253.4530696,12.5,0.4,28.1,2.0,0,True
2025-09-08,19650.0,Mon,232249,50089,8407,253.4530696,10.7,0.0,16.1,0.0,0,False
2025-09-09,19258.0,Tue,243957,54535,8694,253.4530696,10.1,1.0,12.2,7.0,0,False
2025-09-10,13991.0,Wed,239516,53439,7789,253.4530696,14.3,6.5,34.0,10.0,0,False
2025-09-11,18218.0,Thu,243673,54110,7972,253.4530696,13.2,3.2,21.1,5.0,0,False
2025-09-12,9282.0,Fri,206192,43861,5887,254.7162792,13.7,20.0,37.2,12.0,0,False
2025-09-13,9735.0,Sat,113935,23688,4927,254.7162792,13.4,1.3,34.2,6.0,0,True
2025-09-14,6828.0,Sun,87704,14184,3142,254.7162792,14.0,0.7,36.3,7.0,0,True
2025-09-15,18629.0,Mon,232036,51952,8235,254.7162792,13.7,1.5,21.5,7.0,0,False
2025-09-16,19887.0,Tue,250897,56394,8716,254.7162792,14.6,1.3,25.8,8.0,0,False
2025-09-17,20839.0,Wed,254249,56726,8468,254.7162792,14.8,0.0,22.6,0.0,0,False
2025-09-18,13121.0,Thu,232652,52662,7459,254.7162792,14.5,5.8,34.5,8.0,0,False
2025-09-19,15378.0,Fri,232175,49470,8112,254.9485044,12.6,0.5,20.5,4.0,0,False
2025-09-20,16701.0,Sat,123570,12607,6537,254.9485044,12.0,1.8,23.0,7.0,0,True
2025-09-21,8153.0,Sun,91552,8921,3211,254.9485044,14.5,0.7,32.1,6.0,0,True
2025-09-22,15062.0,Mon,191188,41337,8080,254.9485044,15.5,2.1,27.6,9.0,0,False
2025-09-23,11032.0,Tue,200030,43841,7548,254.9485044,15.4,19.0,28.9,17.0,0,False
2025-09-24,9086.0,Wed,185610,40994,6696,254.9485044,15.5,23.0,28.2,21.0,0,False
2025-09-25,18126.0,Thu,218883,48155,9697,254.9485044,14.2,3.2,24.8,8.0,0,False
2025-09-26,16577.0,Fri,198944,42267,8956,254.8856455,14.1,0.9,24.7,4.0,0,False
2025-09-27,14327.0,Sat,120189,20821,6400,254.8856455,14.6,2.5,15.7,9.0,0,True
2025-09-28,14329.0,Sun,97932,13029,5055,254.8856455,16.0,1.0,17.7,7.0,0,True
2025-09-29,16924.0,Mon,192036,40871,8547,254.8856455,15.5,2.4,27.5,9.0,0,False
2025-09-30,22111.0,Tue,214681,47686,10293,254.8856455,13.6,0.2,12.3,1.0,0,False
2025-10-01,19834.0,Wed,212792,47805,9775,254.8856455,14.1,0.8,24.4,6.0,0,False
2025-10-02,17426.0,Thu,207284,46905,9096,254.8856455,15.5,0.9,24.2,4.0,0,False
2025-10-03,8266.0,Fri,172504,37344,6855,256.7928421,16.2,9.4,19.2,16.0,0,False
2025-10-04,9871.0,Sat,109500,26339,4845,256.7928421,14.2,7.5,21.9,14.0,0,True
2025-10-05,11559.0,Sun,94196,15780,4209,256.7928421,13.2,1.5,22.7,9.0,0,True
2025-10-06,16238.0,Mon,240938,51590,7882,256.7928421,14.1,2.3,26.9,12.0,0,False
2025-10-07,13359.0,Tue,246496,54280,7643,256.7928421,14.9,8.9,32.2,7.0,0,False
2025-10-08,22469.0,Wed,270210,58998,9165,256.7928421,14.1,0.0,17.8,0.0,0,False
2025-10-09,19963.0,Thu,262615,58395,8939,256.7928421,13.9,1.8,15.1,4.0,0,False
2025-10-10,18172.0,Fri,245148,52003,8600,257.7743704,17.1,1.6,25.3,8.0,0,False
2025-10-11,17438.0,Sat,126280,25462,6460,257.7743704,17.1,0.1,18.4,1.0,0,True
2025-10-12,15571.0,Sun,103271,19945,5005,257.7743704,17.1,0.2,28.1,1.0,0,True
2025-10-13,16244.0,Mon,241388,52124,7438,257.7743704,17.6,4.3,24.9,15.0,0,False
2025-10-14,9391.0,Tue,223291,49350,7060,257.7743704,15.7,33.4,28.5,18.0,0,False
2025-10-15,22360.0,Wed,265810,58642,9179,257.7743704,14.1,0.8,21.1,4.0,0,False
2025-10-16,22591.0,Thu,257948,58462,9691,257.7743704,14.8,1.2,24.5,6.0,0,False
2025-10-17,19758.0,Fri,245881,49141,9279,257.9283342,14.3,0.0,16.4,0.0,0,False
2025-10-18,17543.0,Sat,120138,16837,6468,257.9283342,13.6,0.6,11.7,4.0,0,True
2025-10-19,16752.0,Sun,99564,13274,4841,257.9283342,16.2,0.0,17.8,0.0,0,True
2025-10-20,22915.0,Mon,244393,53164,9536,257.9283342,17.5,0.0,15.6,0.0,0,False
2025-10-21,22151.0,Tue,259408,58026,9784,257.9283342,17.9,0.1,27.9,1.0,0,False
2025-10-22,13385.0,Wed,250790,56136,8016,257.9283342,17.6,6.4,24.3,20.0,0,False
2025-10-23,16132.0,Thu,215179,58995,9101,257.9283342,18.8,6.0,30.1,10.0,0,False
2025-10-24,17600.0,Fri,240246,11149,8508,258.02821,16.0,6.2,15.7,4.0,0,False
2025-10-25,15176.0,Sat,124506,7094,5386,258.02821,14.5,1.1,21.5,6.0,0,True
2025-10-26,14531.0,Sun,106984,5339,5053,258.02821,14.9,0.8,23.3,6.0,0,True
2025-10-27,10891.0,Mon,85277,4536,3563,258.02821,16.6,2.5,31.5,9.0,1,False
2025-10-28,13347.0,Tue,221833,45651,7215,258.02821,15.1,30.1,36.7,13.0,0,False
2025-10-29,20109.0,Wed,249174,51817,8450,258.02821,14.5,0.1,26.9,1.0,0,False
2025-10-30,21106.0,Thu,246003,52758,8921,258.02821,14.2,0.3,7.5,2.0,0,False
2025-10-31,19875.0,Fri,239944,47704,9411,258.1940373,14.9,0.1,22.1,1.0,0,False
2025-11-01,19172.0,Sat,121592,20315,7567,258.1940373,15.4,0.8,20.8,5.0,0,True
2025-11-02,17117.0,Sun,100670,18420,6845,258.1940373,16.2,0.5,13.5,5.0,0,True
2025-11-03,22703.0,Mon,229211,48754,9432,258.1940373,15.7,0.0,17.9,0.0,0,False
2025-11-04,25128.0,Tue,250841,53602,9934,258.1940373,16.7,0.6,11.4,3.0,0,False
2025-11-05,25336.0,Wed,252983,54501,9984,258.1940373,17.8,0.0,8.5,0.0,0,False
2025-11-06,23824.0,Thu,249903,54916,10258,258.1940373,18.1,0.2,14.5,2.0,0,False
2025-11-07,20717.0,Fri,230060,45742,9810,259.9795168,19.4,0.0,16.4,0.0,0,False
2025-11-08,18527.0,Sat,124297,19564,7006,259.9795168,18.8,1.2,13.8,7.0,0,True
2025-11-09,14287.0,Sun,97127,13677,4861,259.9795168,19.2,8.2,12.5,15.0,0,True
2025-11-10,18736.0,Mon,223829,47298,8341,259.9795168,19.5,9.1,19.4,15.0,0,False
2025-11-11,24607.0,Tue,249726,53722,10008,259.9795168,18.2,4.7,16.3,12.0,0,False
2025-11-12,15918.0,Wed,232712,51458,8079,259.9795168,17.3,19.2,39.7,12.0,0,False
2025-11-13,19886.0,Thu,246152,53637,9409,259.9795168,17.0,8.0,33.4,8.0,0,False
2025-11-14,18615.0,Fri,223508,47291,9817,261.0976719,15.9,1.6,26.7,8.0,0,False
2025-11-15,13931.0,Sat,116475,20028,6388,261.0976719,16.4,2.7,25.7,6.0,0,True
2025-11-16,20560.0,Sun,108600,15428,6837,261.0976719,15.6,0.0,13.7,0.0,0,True
2025-11-17,23187.0,Mon,230499,49116,10073,261.0976719,18.1,0.0,24.4,0.0,0,False
2025-11-18,17518.0,Tue,231481,52952,9139,261.0976719,18.9,35.8,35.7,21.0,0,False
2025-11-19,13026.0,Wed,226264,51324,8651,261.0976719,19.1,22.8,21.5,17.0,0,False
2025-11-20,23832.0,Thu,251551,56847,11101,261.0976719,18.7,0.4,11.9,3.0,0,False
2025-11-21,21642.0,Fri,230119,49200,11357,262.713884,18.1,0.3,10.3,1.0,0,False
2025-11-22,19355.0,Sat,132259,19898,8768,262.713884,18.4,0.0,11.8,0.0,0,True
2025-11-23,16957.0,Sun,107765,14595,6319,262.713884,18.3,1.8,15.5,8.0,0,True
2025-11-24,23809.0,Mon,227545,49593,10231,262.713884,17.9,0.0,14.2,0.0,0,False
2025-11-25,24206.0,Tue,240854,52869,10339,262.713884,18.9,1.7,22.8,8.0,0,False
2025-11-26,22901.0,Wed,243528,53910,10448,262.713884,20.1,2.3,19.1,11.0,0,False
2025-11-27,22280.0,Thu,243620,53841,10814,262.713884,20.9,2.1,16.2,12.0,0,False
2025-11-28,16288.0,Fri,224949,49754,10059,263.6667521,21.0,4.8,22.1,6.0,0,False
2025-11-29,18038.0,Sat,130745,23049,8098,263.6667521,19.6,0.0,14.4,0.0,0,True
2025-11-30,11030.0,Sun,95342,28030,5652,263.6667521,19.6,11.7,26.0,10.0,0,True
2025-12-01,23336.0,Mon,225256,48558,9848,263.6667521,19.7,0.0,19.1,0.0,0,False
2025-12-02,22483.0,Tue,235946,53196,10090,263.6667521,19.7,6.6,20.0,7.0,0,False
2025-12-03,15675.0,Wed,212033,47857,8320,263.6667521,19.3,21.9,27.5,16.0,0,False
2025-12-04,17536.0,Thu,224434,55465,9994,263.6667521,17.2,2.2,35.5,12.0,0,False
2025-12-05,18577.0,Fri,215171,48234,10529,263.2985974,18.4,0.1,25.8,1.0,0,False
2025-12-06,17989.0,Sat,127461,27802,7678,263.2985974,20.3,0.0,13.6,0.0,0,True
2025-12-07,17763.0,Sun,106135,17612,6897,263.2985974,21.9,0.0,15.0,0.0,0,True
2025-12-08,24410.0,Mon,209120,46152,10343,263.2985974,20.9,0.0,13.0,0.0,0,False
2025-12-09,25385.0,Tue,221836,50162,11013,263.2985974,21.1,0.0,17.2,0.0,0,False
2025-12-10,24495.0,Wed,220589,50240,11089,263.2985974,21.7,0.0,12.9,0.0,0,False
2025-12-11,23454.0,Thu,218832,50778,11518,263.2985974,21.6,0.0,19.2,0.0,0,False
2025-12-12,17634.0,Fri,196383,43899,10615,263.5580556,19.6,0.0,28.2,0.0,0,False
2025-12-13,17932.0,Sat,127586,29082,8244,263.5580556,19.5,0.0,18.8,0.0,0,True
2025-12-14,16706.0,Sun,99880,16868,5750,263.5580556,19.6,0.7,21.5,6.0,0,True
2025-12-15,22303.0,Mon,190644,43392,10076,263.5580556,20.0,1.6,23.9,5.0,0,False
2025-12-16,19963.0,Tue,195968,46959,9609,263.5580556,19.9,11.7,28.5,11.0,0,False
2025-12-17,19060.0,Wed,199293,47315,10518,263.5580556,17.2,0.7,24.7,6.0,0,False
2025-12-18,21670.0,Thu,197774,47750,10924,263.5580556,17.6,0.4,20.2,4.0,0,False
2025-12-19,14860.0,Fri,175022,40905,9450,262.6808818,18.8,1.6,27.7,11.0,0,False
2025-12-20,13675.0,Sat,111570,20530,5963,262.6808818,18.9,2.3,21.4,13.0,0,True
2025-12-21,15332.0,Sun,98159,16034,5374,262.6808818,18.3,0.2,19.9,2.0,0,True
2025-12-22,14255.0,Mon,138215,30018,8189,262.6808818,18.8,4.3,16.5,7.0,0,False
2025-12-23,11364.0,Tue,133425,29195,6491,262.6808818,20.8,2.9,31.3,11.0,0,False
2025-12-24,9628.0,Wed,104569,20810,4622,262.6808818,20.9,3.6,26.3,5.0,0,False
2025-12-25,9055.0,Thu,40303,4523,3781,262.6808818,19.6,0.4,13.6,4.0,1,False
2025-12-26,10686.0,Fri,83139,18789,4786,260.8759404,20.4,1.7,21.1,4.0,1,False
2025-12-27,10314.0,Sat,91007,5424,5492,260.8759404,18.1,3.0,13.0,10.0,0,True
2025-12-28,16829.0,Sun,92495,5181,7319,260.8759404,17.9,0.2,18.6,2.0,0,True
2025-12-29,4307.0,Mon,84902,6313,2988,260.8759404,19.4,21.7,33.1,23.0,0,False
2025-12-30,12057.0,Tue,117051,7536,7448,260.8759404,20.6,8.0,36.1,14.0,0,False
2025-12-31,8923.0,Wed,108337,7010,6727,260.8759404,19.8,18.1,31.2,14.0,0,False
2026-01-01,12350.0,Thu,75118,5201,6247,260.8759404,19.5,2.1,15.9,8.0,1,False
2026-01-02,12436.0,Fri,85027,5188,6354,259.4989063,18.9,25.9,12.1,14.0,1,False
2026-01-03,12639.0,Sat,96130,5580,6596,259.4989063,17.5,20.6,14.3,16.0,0,True
2026-01-04,17371.0,Sun,97236,5397,7707,259.4989063,19.0,1.8,12.5,6.0,0,True
2026-01-05,15772.0,Mon,138054,7809,8022,259.4989063,19.1,2.3,12.6,8.0,0,False
2026-01-06,17815.0,Tue,150234,8045,9084,259.4989063,19.7,1.0,8.3,6.0,0,False
2026-01-07,19354.0,Wed,161497,8421,10695,259.4989063,20.6,0.0,17.1,0.0,0,False
2026-01-08,18280.0,Thu,159530,8858,9239,259.4989063,20.4,0.0,27.4,0.0,0,False
2026-01-09,16462.0,Fri,153965,8460,9281,258.1583633,21.2,0.0,21.8,0.0,0,False
2026-01-10,16959.0,Sat,113583,5129,7847,258.1583633,22.5,0.0,19.6,0.0,0,True
2026-01-11,16733.0,Sun,97909,4313,6396,258.1583633,23.0,0.0,15.4,0.0,0,True
2026-01-12,22409.0,Mon,177820,10968,10082,258.1583633,21.6,0.4,24.9,2.0,0,False
2026-01-13,24610.0,Tue,197984,10433,11268,258.1583633,20.2,0.0,16.7,0.0,0,False
2026-01-14,22022.0,Wed,193267,12044,10426,258.1583633,21.8,8.3,23.0,13.0,0,False
2026-01-15,14035.0,Thu,179977,11929,8073,258.1583633,21.1,14.2,23.0,17.0,0,False
2026-01-16,18815.0,Fri,180226,10942,9922,256.1210805,20.8,13.3,15.9,10.0,0,False
2026-01-17,18844.0,Sat,119515,5931,7855,256.1210805,20.4,0.4,18.1,2.0,0,True
2026-01-18,8727.0,Sun,83724,3974,3955,256.1210805,18.1,25.4,24.7,15.0,0,True
2026-01-19,20250.0,Mon,184913,18437,9194,256.1210805,19.6,6.0,27.2,7.0,0,False
2026-01-20,9114.0,Tue,171660,17691,6025,256.1210805,19.6,26.0,37.8,24.0,0,False
2026-01-21,6613.0,Wed,151385,17414,5072,256.1210805,20.8,73.8,41.1,24.0,0,False
2026-01-22,18133.0,Thu,199446,20148,8754,256.1210805,21.4,2.3,29.4,7.0,0,False
2026-01-23,18293.0,Fri,187944,17976,9516,255.0930133,19.9,1.7,26.8,9.0,0,False
2026-01-24,6729.0,Sat,98345,8066,3631,255.0930133,17.2,3.6,37.4,11.0,0,True
2026-01-25,9071.0,Sun,92984,6548,4238,255.0930133,17.8,3.8,31.8,14.0,0,True
2026-01-26,15711.0,Mon,94976,6767,6206,255.0930133,17.5,1.1,24.4,8.0,0,False
2026-01-27,23837.0,Tue,223213,10911,10542,255.0930133,18.4,2.2,10.6,6.0,0,False
2026-01-28,27356.0,Wed,232944,10780,11992,255.0930133,19.4,0.3,12.9,3.0,0,False
2026-01-29,25675.0,Thu,237344,44874,12281,255.0930133,19.8,0.1,16.6,1.0,0,False
2026-01-30,22194.0,Fri,223216,42288,11374,254.5520251,20.4,0.0,15.6,0.0,0,False
2026-01-31,20126.0,Sat,122336,20636,9789,254.5520251,21.1,1.1,12.6,7.0,0,True
2026-02-01,18550.0,Sun,105385,14805,6310,254.5520251,21.1,0.0,9.9,0.0,0,True
2026-02-02,19587.0,Mon,231367,38990,9067,254.5520251,23.2,8.9,18.6,16.0,0,False
2026-02-03,23324.0,Tue,254868,50447,10317,254.5520251,21.6,1.7,24.4,7.0,0,False
2026-02-04,23388.0,Wed,263535,53633,10651,254.5520251,20.0,1.0,15.3,8.0,0,False
2026-02-05,23311.0,Thu,263983,51749,10739,254.5520251,20.6,4.5,13.2,12.0,0,False
2026-02-06,18280.0,Fri,120452,6970,7738,253.9551756,19.8,0.3,21.9,3.0,1,False
2026-02-07,17005.0,Sat,130494,7378,8559,253.9551756,21.1,0.0,19.9,0.0,0,True
2026-02-08,16800.0,Sun,106611,5778,6217,253.9551756,21.5,0.3,20.1,2.0,0,True
2026-02-09,25561.0,Mon,250516,49937,10590,253.9551756,20.7,0.1,14.4,1.0,0,False
2026-02-10,28163.0,Tue,269596,54657,11254,253.9551756,21.1,2.2,15.8,13.0,0,False
2026-02-11,27447.0,Wed,274112,55655,12242,253.9551756,21.8,1.2,13.4,3.0,0,False
2026-02-12,25629.0,Thu,269380,55483,11514,253.9551756,21.8,2.1,26.7,9.0,0,False
2026-02-13,12563.0,Fri,235756,46975,7869,253.0908364,22.2,10.6,25.6,21.0,0,False
2026-02-14,13413.0,Sat,137337,26960,7196,253.0908364,20.5,19.3,28.2,11.0,0,True
2026-02-15,15175.0,Sun,111798,16986,5968,253.0908364,18.3,1.4,37.5,7.0,0,True
2026-02-16,22153.0,Mon,247726,51617,10091,253.0908364,18.7,0.2,22.4,2.0,0,False
2026-02-17,26865.0,Tue,264333,58422,11385,253.0908364,18.4,2.9,12.7,8.0,0,False
2026-02-18,26409.0,Wed,272649,58403,11737,253.0908364,18.5,1.1,16.8,6.0,0,False
2026-02-19,23912.0,Thu,269409,59499,12238,253.0908364,19.7,0.7,23.6,7.0,0,False
2026-02-20,21324.0,Fri,249668,53580,12298,252.5738939,19.7,0.3,26.1,2.0,0,False
2026-02-21,21506.0,Sat,142955,27623,10506,252.5738939,18.7,0.0,19.3,0.0,0,True
2026-02-22,17795.0,Sun,113459,18213,7229,252.5738939,18.7,0.0,18.6,0.0,0,True
2026-02-23,26009.0,Mon,265641,55980,10753,252.5738939,19.7,0.0,15.7,0.0,0,False
2026-02-24,28347.0,Tue,285643,61945,11944,252.5738939,19.5,0.0,19.3,0.0,0,False
2026-02-25,26594.0,Wed,282691,61776,11718,252.5738939,20.7,0.1,18.0,1.0,0,False
2026-02-26,25704.0,Thu,282445,62939,11738,252.5738939,20.2,0.0,15.9,0.0,0,False
2026-02-27,22491.0,Fri,263844,57242,12423,253.2096554,20.7,1.0,14.4,4.0,0,False
2026-02-28,17330.0,Sat,136524,21627,6871,253.2096554,19.4,1.9,20.2,9.0,0,True
2026-03-01,16977.0,Sun,114114,14858,6766,253.2096554,19.6,4.0,18.7,13.0,0,True
2026-03-02,23991.0,Mon,289030,61893,11042,253.2096554,16.6,0.2,31.2,2.0,0,False
2026-03-03,25354.0,Tue,298532,67177,11651,253.2096554,14.4,0.0,27.1,0.0,0,False
2026-03-04,25889.0,Wed,302612,66536,11734,253.2096554,15.8,0.0,22.9,0.0,0,False
2026-03-05,26156.0,Thu,300905,66802,12405,253.2096554,17.4,0.0,13.7,0.0,0,False
2026-03-06,21147.0,Fri,277822,60180,11777,258.2805544,17.5,0.0,13.7,0.0,0,False
2026-03-07,19145.0,Sat,141244,27058,8839,258.2805544,17.7,0.0,11.2,0.0,0,True
2026-03-08,15670.0,Sun,117591,18088,6956,258.2805544,18.8,0.0,7.8,0.0,0,True
2026-03-09,24917.0,Mon,281774,61212,11132,258.2805544,19.4,0.0,16.0,0.0,0,False
2026-03-10,25677.0,Tue,300083,66036,11222,258.2805544,19.0,1.0,25.3,7.0,0,False
2026-03-11,19817.0,Wed,289468,64996,9395,258.2805544,17.9,5.7,30.4,9.0,0,False
2026-03-12,19217.0,Thu,292325,65016,9342,258.2805544,19.6,1.7,38.0,11.0,0,False
2026-03-13,15919.0,Fri,271511,59266,9238,282.3254406,21.4,7.2,22.3,18.0,0,False
2026-03-14,14929.0,Sat,147063,19760,7591,282.3254406,19.4,0.6,29.4,3.0,0,True
2026-03-15,18159.0,Sun,119642,18425,7031,282.3254406,18.3,0.3,25.8,3.0,0,True
2026-03-16,24573.0,Mon,284195,62611,10329,282.3254406,17.8,0.5,15.1,5.0,0,False
2026-03-17,28728.0,Tue,307549,68598,12045,282.3254406,18.1,0.0,9.6,0.0,0,False
2026-03-18,26749.0,Wed,308279,69248,11718,282.3254406,18.4,0.0,15.4,0.0,0,False
2026-03-19,26547.0,Thu,304145,69149,11622,282.3254406,19.3,0.0,14.5,0.0,0,False
2026-03-20,22791.0,Fri,279766,61964,11329,314.1840689,19.2,0.0,10.0,0.0,0,False
2026-03-21,19644.0,Sat,149015,28681,9092,314.1840689,18.8,0.8,16.3,4.0,0,True
2026-03-22,19364.0,Sun,116362,20047,6635,314.1840689,19.4,1.7,9.9,9.0,0,True
2026-03-23,25325.0,Mon,286366,63564,10352,314.1840689,19.6,2.1,20.5,10.0,0,False
2026-03-24,27373.0,Tue,308279,68784,11024,314.1840689,19.3,0.3,23.6,3.0,0,False
2026-03-25,18795.0,Wed,294409,66508,8635,314.1840689,19.3,6.9,33.3,13.0,0,False
2026-03-26,5717.0,Thu,204034,48013,4624,314.1840689,18.5,84.3,43.8,24.0,0,False
2026-03-27,17923.0,Fri,273222,58705,8909,335.5120547,20.3,10.6,34.5,5.0,0,False
2026-03-28,20477.0,Sat,142561,28766,7243,335.5120547,19.1,0.9,10.4,3.0,0,True
2026-03-29,18213.0,Sun,110090,17814,5405,335.5120547,18.4,4.0,12.3,7.0,0,True
2026-03-30,21277.0,Mon,283983,59321,9451,335.5120547,20.1,5.3,24.2,12.0,0,False
2026-03-31,24290.0,Tue,298382,66581,10198,335.5120547,18.1,0.0,29.8,0.0,0,False
2026-04-01,24507.0,Wed,295010,66664,10046,335.5120547,17.5,2.2,18.0,15.0,0,False
2026-04-02,23714.0,Thu,296325,50506,10666,335.5120547,17.5,0.4,12.8,3.0,0,False
2026-04-03,18892.0,Fri,90113,4496,5796,341.1134222,17.6,0.5,14.3,5.0,1,False
2026-04-04,14816.0,Sat,135060,7462,7542,341.1134222,17.7,0.8,14.3,8.0,0,True
2026-04-05,15601.0,Sun,90368,4684,5869,341.1134222,18.2,1.1,23.2,8.0,0,True
2026-04-06,11638.0,Mon,100852,5951,4435,341.1134222,18.2,3.3,31.2,18.0,1,False
2026-04-07,8991.0,Tue,167196,31578,6373,341.1134222,18.4,20.3,37.2,23.0,0,False
2026-04-08,13434.0,Wed,204090,36266,8200,341.1134222,19.9,11.4,37.4,16.0,0,False
2026-04-09,26391.0,Thu,231308,42711,12282,341.1134222,17.8,0.0,13.2,0.0,0,False
2026-04-10,20563.0,Fri,206047,35986,10467,347.9431142,18.4,1.2,16.6,5.0,0,False
2026-04-11,14420.0,Sat,106438,14840,3570,347.9431142,19.4,15.6,31.7,8.0,0,True
2026-04-12,2203.0,Sun,38978,5193,644,347.9431142,19.7,43.2,37.9,16.0,0,True
2026-04-13,17660.0,Mon,189330,14163,8062,347.9431142,18.5,5.7,21.2,10.0,0,False
2026-04-14,16972.0,Tue,204283,15460,8693,347.9431142,16.2,5.3,18.9,11.0,0,False
2026-04-15,16573.0,Wed,216748,15932,9516,347.9431142,16.5,2.2,31.1,7.0,0,False
2026-04-16,20094.0,Thu,214076,46887,10666,347.9431142,17.0,1.7,26.9,6.0,0,False
2026-04-17,21948.0,Fri,202562,45421,11936,343.2396607,16.6,0.0,16.3,0.0,0,False
2026-04-18,15666.0,Sat,123320,23924,5958,343.2396607,17.8,1.8,31.0,5.0,0,True
2026-04-19,17142.0,Sun,101279,16948,4752,343.2396607,16.6,11.1,27.0,11.0,0,True
2026-04-20,20337.0,Mon,268365,57088,8670,343.2396607,14.3,8.7,17.4,10.0,0,False
2026-04-21,24504.0,Tue,293289,64074,10013,343.2396607,13.3,0.1,16.9,1.0,0,False
2026-04-22,25241.0,Wed,294130,65226,9941,343.2396607,13.5,0.0,16.7,0.0,0,False
2026-04-23,24764.0,Thu,292906,63541,10647,343.2396607,11.8,4.0,16.5,3.0,0,False
2026-04-24,8951.0,Fri,228990,48371,6973,331.4518499,12.1,21.9,19.5,17.0,0,False
2026-04-25,20434.0,Sat,126192,12469,6996,331.4518499,13.3,0.0,12.2,0.0,0,True
2026-04-26,19076.0,Sun,121936,6792,6926,331.4518499,13.5,0.0,12.5,0.0,0,True
2026-04-27,18141.0,Mon,104381,6282,5548,331.4518499,15.8,0.4,19.8,4.0,1,False
2026-04-28,25115.0,Tue,288947,61316,9443,331.4518499,14.9,0.5,11.5,4.0,0,False
2026-04-29,26380.0,Wed,298511,64905,10493,331.4518499,15.4,0.4,7.2,3.0,0,False
2026-04-30,25545.0,Thu,298022,65300,11097,331.4518499,15.0,0.0,15.3,0.0,0,False
